N;alpha;beta;eps;expon_alpha;consensus_x;consensus_y;consensus_probabity;simulation_time;type;simulation_count
50.0;0.5;0.5;0.15;;0.0;0.0;0.0;0.0;ONE_BETA;400.0
50.0;1.0;1.0;0.15;;0.0;0.0;0.0;0.0;ONE_BETA;800.0
50.0;1.5;1.5;0.15;;0.0;0.0;0.0;0.0;ONE_BETA;800.0
50.0;2.0;2.0;0.15;;0.0;0.0;0.0;0.0;ONE_BETA;800.0
50.0;2.5;2.5;0.15;;0.0;0.0;0.0;0.0;ONE_BETA;800.0
50.0;3.0;3.0;0.15;;0.0;0.0;0.0;0.0;ONE_BETA;400.0
50.0;1.0;1.0;0.15;;0.0;0.0;0.0;0.0;ONE_BETA;0.0
50.0;1.5;1.5;0.15;;0.0;0.0;0.0;0.0;ONE_BETA;0.0
50.0;2.0;2.0;0.15;;0.0;0.0;0.0;0.0;ONE_BETA;0.0
50.0;2.5;2.5;0.15;;0.0;0.0;0.0;0.0;ONE_BETA;0.0
50.0;3.0;3.0;0.15;;0.0;0.0;0.0;0.0;ONE_BETA;0.0
50.0;3.5;3.5;0.15;;0.0;0.0;0.0;0.0;ONE_BETA;400.0
50.0;4.0;4.0;0.15;;0.0;0.0;0.0;0.0;ONE_BETA;400.0
50.0;4.5;4.5;0.15;;0.0;0.0;0.0;0.0;ONE_BETA;400.0
50.0;5.0;5.0;0.15;;0.0;0.0;0.0;0.0;ONE_BETA;400.0
50.0;0.5;0.5;0.2;;0.0;0.0;0.0;0.0;ONE_BETA;400.0
50.0;1.0;1.0;0.2;;0.0;0.0;0.0;0.0;ONE_BETA;400.0
50.0;1.5;1.5;0.2;;0.0;0.0;0.0;0.0;ONE_BETA;400.0
50.0;2.0;2.0;0.2;;0.0;0.0;0.0;0.0;ONE_BETA;400.0
50.0;2.5;2.5;0.2;;0.0;0.0;0.0;0.0;ONE_BETA;400.0
50.0;3.0;3.0;0.2;;0.9808975539023496;0.978491056528322;2.0;38.0;ONE_BETA;400.0
50.0;3.5;3.5;0.2;;0.4889437226955927;0.3768547285022364;1.0;8.0;ONE_BETA;400.0
50.0;4.0;4.0;0.2;;0.0;0.0;0.0;0.0;ONE_BETA;400.0
50.0;4.5;4.5;0.2;;1.5820567493571691;1.2580365769314568;3.0;48.0;ONE_BETA;400.0
50.0;5.0;5.0;0.2;;3.4820272663855687;3.1756891594418053;7.0;85.0;ONE_BETA;400.0
50.0;0.5;0.5;0.25;;0.0;0.0;0.0;0.0;ONE_BETA;400.0
50.0;1.0;1.0;0.25;;0.0;0.0;0.0;0.0;ONE_BETA;400.0
50.0;1.5;1.5;0.25;;10.429549251661646;10.21040235639662;21.0;227.0;ONE_BETA;400.0
50.0;2.0;2.0;0.25;;18.952399818925628;18.6734564116228;38.0;419.0;ONE_BETA;400.0
50.0;2.5;2.5;0.25;;33.34568837508586;33.94672157288775;67.0;693.0;ONE_BETA;400.0
50.0;3.0;3.0;0.25;;44.51848678635908;44.16348447409665;89.0;929.0;ONE_BETA;400.0
50.0;3.5;3.5;0.25;;56.226061575258896;56.31956269728616;113.0;1007.0;ONE_BETA;400.0
50.0;4.0;4.0;0.25;;57.83643556132987;58.21683083602504;116.0;1085.0;ONE_BETA;400.0
50.0;4.5;4.5;0.25;;55.12420532388383;55.27831097289416;110.0;1031.0;ONE_BETA;400.0
50.0;5.0;5.0;0.25;;65.84699767517331;66.44336697223925;132.0;1258.0;ONE_BETA;400.0
50.0;0.5;0.5;0.3;;6.545131197127234;6.52870744310438;13.0;139.0;ONE_BETA;400.0
50.0;1.0;1.0;0.3;;50.408999012129634;49.81590591986381;100.0;903.0;ONE_BETA;400.0
50.0;1.5;1.5;0.3;;104.39797622792008;103.66908129020432;209.0;1706.0;ONE_BETA;400.0
50.0;2.0;2.0;0.3;;128.60377334885757;127.62687254522092;256.0;1960.0;ONE_BETA;400.0
50.0;2.5;2.5;0.3;;140.71112312634853;142.05423434462608;283.0;2119.0;ONE_BETA;400.0
50.0;3.0;3.0;0.3;;155.29142367271268;157.20662093848733;313.0;2242.0;ONE_BETA;400.0
50.0;3.5;3.5;0.3;;166.77947444462052;166.16272036075375;333.0;2360.0;ONE_BETA;400.0
50.0;4.0;4.0;0.3;;157.8254549825689;156.58690980192054;316.0;2300.0;ONE_BETA;400.0
50.0;4.5;4.5;0.3;;163.27089477705132;161.8956352765458;326.0;2299.0;ONE_BETA;400.0
50.0;5.0;5.0;0.3;;160.04065763009584;160.49310360596803;320.0;2231.0;ONE_BETA;400.0
50.0;0.5;0.5;0.35;;46.74147155798083;45.653690114252136;94.0;996.0;ONE_BETA;400.0
50.0;1.0;1.0;0.35;;152.95610551008951;153.94961021757584;307.0;2090.0;ONE_BETA;400.0
50.0;1.5;1.5;0.35;;184.57266150722256;183.90200207941632;368.0;2183.0;ONE_BETA;400.0
50.0;2.0;2.0;0.35;;188.8364178622848;188.63683253428349;380.0;2144.0;ONE_BETA;400.0
50.0;2.5;2.5;0.35;;192.25525202801427;191.3142079455049;384.0;2118.0;ONE_BETA;400.0
50.0;3.0;3.0;0.35;;196.95211613425792;195.49402455446867;393.0;2111.0;ONE_BETA;400.0
50.0;3.5;3.5;0.35;;195.0051719737689;196.61704564051192;392.0;2056.0;ONE_BETA;400.0
50.0;4.0;4.0;0.35;;193.8617555121067;195.0557644554168;388.0;2065.0;ONE_BETA;400.0
50.0;4.5;4.5;0.35;;196.59538156354407;195.53302500362727;394.0;2028.0;ONE_BETA;400.0
50.0;5.0;5.0;0.35;;195.49070936395623;196.38227544303228;392.0;2033.0;ONE_BETA;400.0
50.0;0.5;0.5;0.4;;126.14635307922124;127.77584627095048;253.0;1980.0;ONE_BETA;400.0
50.0;1.0;1.0;0.4;;196.11260831298625;195.1981581597553;394.0;2082.0;ONE_BETA;400.0
50.0;1.5;1.5;0.4;;198.42560801884616;197.716008842784;398.0;1909.0;ONE_BETA;400.0
50.0;2.0;2.0;0.4;;200.2820053709544;200.28890993081976;399.0;1832.0;ONE_BETA;400.0
50.0;2.5;2.5;0.4;;199.32674589930892;200.26683415568;399.0;1781.0;ONE_BETA;400.0
50.0;3.0;3.0;0.4;;200.45051217276017;199.51077403682964;399.0;1763.0;ONE_BETA;400.0
50.0;3.5;3.5;0.4;;200.26654008523303;199.4239989626526;400.0;1740.0;ONE_BETA;400.0
50.0;4.0;4.0;0.4;;200.1922872654482;199.5590115374237;400.0;1715.0;ONE_BETA;400.0
50.0;4.5;4.5;0.4;;200.5575828585153;199.15044925136016;400.0;1704.0;ONE_BETA;400.0
50.0;5.0;5.0;0.4;;200.5449056376448;199.3724274088053;400.0;1695.0;ONE_BETA;400.0
50.0;0.5;0.5;0.45;;185.9112762403676;187.4227782839409;374.0;2233.0;ONE_BETA;400.0
50.0;1.0;1.0;0.45;;200.4169054813296;199.28919791680457;400.0;1750.0;ONE_BETA;400.0
50.0;1.5;1.5;0.45;;200.588783112244;199.5180123620096;400.0;1643.0;ONE_BETA;400.0
50.0;2.0;2.0;0.45;;199.3899780381217;199.8207141506697;400.0;1623.0;ONE_BETA;400.0
50.0;2.5;2.5;0.45;;199.91284762867585;201.73338446568908;400.0;1613.0;ONE_BETA;400.0
50.0;3.0;3.0;0.45;;199.84428998362705;198.2531700889386;400.0;1607.0;ONE_BETA;400.0
50.0;3.5;3.5;0.45;;200.43199910094265;200.019362030878;400.0;1609.0;ONE_BETA;400.0
50.0;4.0;4.0;0.45;;199.8880917611129;200.4752379162428;400.0;1607.0;ONE_BETA;400.0
50.0;4.5;4.5;0.45;;199.8319597855352;200.53053511045687;400.0;1601.0;ONE_BETA;400.0
50.0;5.0;5.0;0.45;;199.3933946929729;199.95531426102508;400.0;1602.0;ONE_BETA;400.0
50.0;0.5;0.5;0.5;;197.50638944952024;198.8953982668339;398.0;1933.0;ONE_BETA;400.0
50.0;1.0;1.0;0.5;;200.82244009295405;199.3881657554008;400.0;1606.0;ONE_BETA;400.0
50.0;1.5;1.5;0.5;;198.92819029448745;200.17023564778864;400.0;1600.0;ONE_BETA;400.0
50.0;2.0;2.0;0.5;;200.8010054081393;198.12028768831533;400.0;1595.0;ONE_BETA;400.0
50.0;2.5;2.5;0.5;;198.8624320876979;198.43007792891072;400.0;1585.0;ONE_BETA;400.0
50.0;3.0;3.0;0.5;;199.1513657885883;198.38078554751985;400.0;1573.0;ONE_BETA;400.0
50.0;3.5;3.5;0.5;;199.75599309864305;199.77094593682995;400.0;1561.0;ONE_BETA;400.0
50.0;4.0;4.0;0.5;;199.9877383051233;199.97628049576485;400.0;1538.0;ONE_BETA;400.0
50.0;4.5;4.5;0.5;;200.3813622032729;200.1891328019114;400.0;1533.0;ONE_BETA;400.0
50.0;5.0;5.0;0.5;;199.56616350198456;199.28116047325207;400.0;1505.0;ONE_BETA;400.0
50.0;0.5;0.5;0.55;;198.3297552977408;198.9502452188329;400.0;1667.0;ONE_BETA;400.0
50.0;1.0;1.0;0.55;;199.9474347293529;198.97278648147983;400.0;1589.0;ONE_BETA;400.0
50.0;1.5;1.5;0.55;;200.88671377387976;199.10985510736216;400.0;1510.0;ONE_BETA;400.0
50.0;2.0;2.0;0.55;;198.7296020430516;201.0097473669276;400.0;1433.0;ONE_BETA;400.0
50.0;2.5;2.5;0.55;;200.23083565232133;200.77562109593973;400.0;1366.0;ONE_BETA;400.0
50.0;3.0;3.0;0.55;;199.7903173664502;199.56504312833104;400.0;1332.0;ONE_BETA;400.0
50.0;3.5;3.5;0.55;;199.7026938525464;200.738174775002;400.0;1307.0;ONE_BETA;400.0
50.0;4.0;4.0;0.55;;199.82554453663704;200.4606442873202;400.0;1298.0;ONE_BETA;400.0
50.0;4.5;4.5;0.55;;200.00467268152627;200.0091523842312;400.0;1279.0;ONE_BETA;400.0
50.0;5.0;5.0;0.55;;200.7527665002204;200.4158848470959;400.0;1257.0;ONE_BETA;400.0
50.0;0.5;0.5;0.6;;200.29431231619267;202.08114780139144;400.0;1599.0;ONE_BETA;400.0
50.0;1.0;1.0;0.6;;198.9899811440864;199.5907009415812;400.0;1443.0;ONE_BETA;400.0
50.0;1.5;1.5;0.6;;200.6787286723037;200.37686539579127;400.0;1270.0;ONE_BETA;400.0
50.0;2.0;2.0;0.6;;199.93166319813363;200.18585289016303;400.0;1235.0;ONE_BETA;400.0
50.0;2.5;2.5;0.6;;199.66674392928115;200.8012864005376;400.0;1213.0;ONE_BETA;400.0
50.0;3.0;3.0;0.6;;200.47461751565368;201.63979269845137;400.0;1205.0;ONE_BETA;400.0
50.0;3.5;3.5;0.6;;199.2458699081856;200.86827627365983;400.0;1203.0;ONE_BETA;400.0
50.0;4.0;4.0;0.6;;200.0597867442881;199.77150119335383;400.0;1201.0;ONE_BETA;400.0
50.0;4.5;4.5;0.6;;200.4363436553253;199.18432612995943;400.0;1201.0;ONE_BETA;400.0
50.0;5.0;5.0;0.6;;200.62383928936;200.3371811737808;400.0;1203.0;ONE_BETA;400.0
50.0;0.5;0.5;0.65;;199.9357530734461;200.1701385641213;400.0;1536.0;ONE_BETA;400.0
50.0;1.0;1.0;0.65;;200.37032426046045;200.4911504555407;400.0;1240.0;ONE_BETA;400.0
50.0;1.5;1.5;0.65;;200.2802629730534;200.1467727168991;400.0;1205.0;ONE_BETA;400.0
50.0;2.0;2.0;0.65;;199.6954219739264;198.27481519843096;400.0;1201.0;ONE_BETA;400.0
50.0;2.5;2.5;0.65;;200.51376799186087;199.84539448297983;400.0;1201.0;ONE_BETA;400.0
50.0;3.0;3.0;0.65;;199.2571119978633;199.44043037793296;400.0;1200.0;ONE_BETA;400.0
50.0;3.5;3.5;0.65;;200.43827518034345;199.2916654852752;400.0;1200.0;ONE_BETA;400.0
50.0;4.0;4.0;0.65;;200.59136729451825;199.54966230694905;400.0;1200.0;ONE_BETA;400.0
50.0;4.5;4.5;0.65;;201.1206592422812;200.5916212471493;400.0;1200.0;ONE_BETA;400.0
50.0;5.0;5.0;0.65;;199.31980420674947;198.68116524228813;400.0;1200.0;ONE_BETA;400.0
50.0;0.5;0.5;0.7;;199.77680021093028;198.90951256343047;400.0;1271.0;ONE_BETA;400.0
50.0;1.0;1.0;0.7;;198.3134415627893;199.0884520239992;400.0;1200.0;ONE_BETA;400.0
50.0;1.5;1.5;0.7;;199.30033602015487;201.3331919948761;400.0;1200.0;ONE_BETA;400.0
50.0;2.0;2.0;0.7;;199.8371807679624;201.98046130517545;400.0;1200.0;ONE_BETA;400.0
50.0;2.5;2.5;0.7;;199.84598521769732;200.50240367179256;400.0;1200.0;ONE_BETA;400.0
50.0;3.0;3.0;0.7;;200.0186717118841;201.750004741388;400.0;1200.0;ONE_BETA;400.0
50.0;3.5;3.5;0.7;;200.39932743190545;199.9594230409204;400.0;1200.0;ONE_BETA;400.0
50.0;4.0;4.0;0.7;;200.6037065132672;198.70920025300256;400.0;1200.0;ONE_BETA;400.0
50.0;4.5;4.5;0.7;;200.1463877121604;200.16831360573383;400.0;1200.0;ONE_BETA;400.0
50.0;5.0;5.0;0.7;;200.00760518448692;198.4112857693748;400.0;1200.0;ONE_BETA;400.0
50.0;0.5;0.5;0.75;;200.6630396609875;200.50877261853145;400.0;1203.0;ONE_BETA;400.0
50.0;1.0;1.0;0.75;;199.2464518510546;200.3749110739573;400.0;1200.0;ONE_BETA;400.0
50.0;1.5;1.5;0.75;;201.1678854589761;199.04102385705923;400.0;1200.0;ONE_BETA;400.0
50.0;2.0;2.0;0.75;;200.5357835561955;199.45373966776444;400.0;1200.0;ONE_BETA;400.0
50.0;2.5;2.5;0.75;;199.0957290132264;200.94029973045537;400.0;1200.0;ONE_BETA;400.0
50.0;3.0;3.0;0.75;;199.45901312584172;200.78466701139047;400.0;1200.0;ONE_BETA;400.0
50.0;3.5;3.5;0.75;;200.04253668591107;199.71299554102893;400.0;1200.0;ONE_BETA;400.0
50.0;4.0;4.0;0.75;;199.38192608774668;199.3787792529208;400.0;1200.0;ONE_BETA;400.0
50.0;4.5;4.5;0.75;;199.51342887346385;200.1670841601457;400.0;1200.0;ONE_BETA;400.0
50.0;5.0;5.0;0.75;;200.19746963310385;200.5909467466616;400.0;1200.0;ONE_BETA;400.0
50.0;0.5;0.5;0.8;;200.90265000408772;199.86268459111665;400.0;1200.0;ONE_BETA;400.0
50.0;1.0;1.0;0.8;;199.08473765198343;199.11273939469848;400.0;1200.0;ONE_BETA;400.0
50.0;1.5;1.5;0.8;;199.8112217329195;199.42364071874627;400.0;1200.0;ONE_BETA;400.0
50.0;2.0;2.0;0.8;;200.1622977132629;200.1372946565368;400.0;1200.0;ONE_BETA;400.0
50.0;2.5;2.5;0.8;;200.20922479810724;199.45841914530288;400.0;1200.0;ONE_BETA;400.0
50.0;3.0;3.0;0.8;;199.620983177586;199.219417672596;400.0;1200.0;ONE_BETA;400.0
50.0;3.5;3.5;0.8;;199.95860187389903;200.4523408688841;400.0;1200.0;ONE_BETA;400.0
50.0;4.0;4.0;0.8;;199.738410005664;199.012225259388;400.0;1200.0;ONE_BETA;400.0
50.0;4.5;4.5;0.8;;200.0901984301706;199.9033040370946;400.0;1200.0;ONE_BETA;400.0
50.0;5.0;5.0;0.8;;200.09870638103703;199.5675090674844;400.0;1200.0;ONE_BETA;400.0
50.0;0.5;0.5;0.85;;201.35292025007485;200.19773064190537;400.0;1200.0;ONE_BETA;400.0
50.0;1.0;1.0;0.85;;201.12311748743247;200.63381648892687;400.0;1200.0;ONE_BETA;400.0
50.0;1.5;1.5;0.85;;199.6690040828252;199.1997178048164;400.0;1200.0;ONE_BETA;400.0
50.0;2.0;2.0;0.85;;199.25641830021067;201.3759080243813;400.0;1200.0;ONE_BETA;400.0
50.0;2.5;2.5;0.85;;201.04477655050005;200.29981764032684;400.0;1200.0;ONE_BETA;400.0
50.0;3.0;3.0;0.85;;199.85280385466675;200.71422050204384;400.0;1200.0;ONE_BETA;400.0
50.0;3.5;3.5;0.85;;199.0078612970826;201.3886782575319;400.0;1200.0;ONE_BETA;400.0
50.0;4.0;4.0;0.85;;200.3318638711605;200.0680482713899;400.0;1200.0;ONE_BETA;400.0
50.0;4.5;4.5;0.85;;199.64077834322285;199.7231466512217;400.0;1200.0;ONE_BETA;400.0
50.0;5.0;5.0;0.85;;199.902911083488;200.5718669893676;400.0;1200.0;ONE_BETA;400.0
50.0;0.5;0.5;0.9;;200.0253923306741;200.0473330467048;400.0;1200.0;ONE_BETA;400.0
50.0;1.0;1.0;0.9;;199.58579392274487;198.90284680296529;400.0;1200.0;ONE_BETA;400.0
50.0;1.5;1.5;0.9;;200.52199750870568;199.73449735079524;400.0;1200.0;ONE_BETA;400.0
50.0;2.0;2.0;0.9;;200.1034546444144;200.39303473608828;400.0;1200.0;ONE_BETA;400.0
50.0;2.5;2.5;0.9;;199.79096245053464;199.7849567626447;400.0;1199.0;ONE_BETA;400.0
50.0;3.0;3.0;0.9;;200.05964055324569;200.9637532338625;400.0;1200.0;ONE_BETA;400.0
50.0;3.5;3.5;0.9;;199.7576688058778;199.6913294183656;400.0;1199.0;ONE_BETA;400.0
50.0;4.0;4.0;0.9;;200.1054419388701;198.83589067702505;400.0;1197.0;ONE_BETA;400.0
50.0;4.5;4.5;0.9;;200.03725863407325;200.85776333092736;400.0;1196.0;ONE_BETA;400.0
50.0;5.0;5.0;0.9;;200.0116751743282;200.19327020270487;400.0;1198.0;ONE_BETA;400.0
50.0;0.5;0.5;0.95;;200.4360811798727;200.56659039513696;400.0;1200.0;ONE_BETA;400.0
50.0;1.0;1.0;0.95;;200.88393650028925;200.81219004027864;400.0;1200.0;ONE_BETA;400.0
50.0;1.5;1.5;0.95;;199.57768596850755;199.243855687239;400.0;1200.0;ONE_BETA;400.0
50.0;2.0;2.0;0.95;;200.2406722365994;198.3259047744614;400.0;1200.0;ONE_BETA;400.0
50.0;2.5;2.5;0.95;;200.6946693973228;200.0996085972732;400.0;1199.0;ONE_BETA;400.0
50.0;3.0;3.0;0.95;;199.67592136943503;200.2672207958095;400.0;1197.0;ONE_BETA;400.0
50.0;3.5;3.5;0.95;;200.3227121591195;198.33362928050272;400.0;1196.0;ONE_BETA;400.0
50.0;4.0;4.0;0.95;;200.34288833501984;200.51175698624857;400.0;1186.0;ONE_BETA;400.0
50.0;4.5;4.5;0.95;;199.5661818285465;200.07156937137583;400.0;1179.0;ONE_BETA;400.0
50.0;5.0;5.0;0.95;;200.16484100905708;199.52884461732785;400.0;1170.0;ONE_BETA;400.0
50.0;0.5;0.5;1.0;;201.04421714373228;200.6687322902984;400.0;1200.0;ONE_BETA;400.0
50.0;1.0;1.0;1.0;;200.6504116040964;200.9921797100667;400.0;1199.0;ONE_BETA;400.0
50.0;1.5;1.5;1.0;;198.80828479571176;201.7457590294433;400.0;1198.0;ONE_BETA;400.0
50.0;2.0;2.0;1.0;;201.20276515462493;199.77289000045388;400.0;1182.0;ONE_BETA;400.0
50.0;2.5;2.5;1.0;;200.6930046540409;200.0248497064522;400.0;1174.0;ONE_BETA;400.0
50.0;3.0;3.0;1.0;;200.0406382500309;199.16758139016727;400.0;1144.0;ONE_BETA;400.0
50.0;3.5;3.5;1.0;;201.79293332571936;198.6273586804073;400.0;1133.0;ONE_BETA;400.0
50.0;4.0;4.0;1.0;;199.84691205586088;198.1535144766489;400.0;1084.0;ONE_BETA;400.0
50.0;4.5;4.5;1.0;;198.7706038339168;201.0740831618044;400.0;1083.0;ONE_BETA;400.0
50.0;5.0;5.0;1.0;;199.5812407405682;200.87056216740973;400.0;1051.0;ONE_BETA;400.0
50.0;;;0.15;0.5;0.0;0.0;0.0;0.0;ONE_EXPON;400.0
50.0;;;0.15;0.5;0.0;0.0;0.0;0.0;ONE_EXPON;0.0
50.0;;;0.15;0.5;0.0;0.0;0.0;0.0;ONE_EXPON;0.0
50.0;;;0.15;0.5;0.0;0.0;0.0;0.0;ONE_EXPON;0.0
50.0;;;0.15;0.5;0.0;0.0;0.0;0.0;ONE_EXPON;0.0
50.0;;;0.15;0.5;0.0;0.0;0.0;0.0;ONE_EXPON;0.0
50.0;;;0.15;1.0;0.0;0.0;0.0;0.0;ONE_EXPON;400.0
50.0;;;0.15;1.5;0.0;0.0;0.0;0.0;ONE_EXPON;400.0
50.0;;;0.15;2.0;0.0;0.0;0.0;0.0;ONE_EXPON;400.0
50.0;;;0.15;2.5;0.0;0.0;0.0;0.0;ONE_EXPON;400.0
50.0;;;0.15;3.0;0.0;0.0;0.0;0.0;ONE_EXPON;400.0
50.0;;;0.15;3.5;0.0;0.0;0.0;0.0;ONE_EXPON;400.0
50.0;;;0.15;4.0;0.0;0.0;0.0;0.0;ONE_EXPON;400.0
50.0;;;0.15;4.5;0.0;0.0;0.0;0.0;ONE_EXPON;400.0
50.0;;;0.15;5.0;0.0;0.0;0.0;0.0;ONE_EXPON;400.0
50.0;;;0.2;0.5;0.0;0.0;0.0;0.0;ONE_EXPON;400.0
50.0;;;0.2;1.0;0.0;0.0;0.0;0.0;ONE_EXPON;400.0
50.0;;;0.2;1.5;0.0;0.0;0.0;0.0;ONE_EXPON;400.0
50.0;;;0.2;2.0;0.0;0.0;0.0;0.0;ONE_EXPON;400.0
50.0;;;0.2;2.5;0.0;0.0;0.0;0.0;ONE_EXPON;400.0
50.0;;;0.2;3.0;0.0;0.0;0.0;0.0;ONE_EXPON;400.0
50.0;;;0.2;3.5;0.0;0.0;0.0;0.0;ONE_EXPON;400.0
50.0;;;0.2;4.0;0.2432023951860286;0.6044885319583059;1.0;16.0;ONE_EXPON;400.0
50.0;;;0.2;4.5;0.0;0.0;0.0;0.0;ONE_EXPON;400.0
50.0;;;0.2;5.0;0.0;0.0;0.0;0.0;ONE_EXPON;400.0
50.0;;;0.25;0.5;1.285392462136346;1.5833513543445168;3.0;28.0;ONE_EXPON;400.0
50.0;;;0.25;1.0;0.4055378276353235;0.4748908103187982;1.0;14.0;ONE_EXPON;400.0
50.0;;;0.25;1.5;0.0;0.0;0.0;0.0;ONE_EXPON;400.0
50.0;;;0.25;2.0;0.9659512604254424;1.2953934173094794;3.0;29.0;ONE_EXPON;400.0
50.0;;;0.25;2.5;0.0;0.0;0.0;0.0;ONE_EXPON;400.0
50.0;;;0.25;3.0;1.1043784456501344;2.053393514036334;4.0;42.0;ONE_EXPON;400.0
50.0;;;0.25;3.5;2.292799328005751;5.124514825742094;10.0;108.0;ONE_EXPON;400.0
50.0;;;0.25;4.0;1.84511187320718;4.630818727557663;9.0;84.0;ONE_EXPON;400.0
50.0;;;0.25;4.5;2.167352096894396;6.538742680397279;13.0;120.0;ONE_EXPON;400.0
50.0;;;0.25;5.0;5.235328307887264;15.864509871447932;32.0;328.0;ONE_EXPON;400.0
50.0;;;0.3;0.5;46.106288010940766;51.56297314091012;103.0;985.0;ONE_EXPON;400.0
50.0;;;0.3;1.0;41.56413053878043;51.32664563693939;102.0;957.0;ONE_EXPON;400.0
50.0;;;0.3;1.5;25.608846622242982;34.67921154279552;69.0;619.0;ONE_EXPON;400.0
50.0;;;0.3;2.0;21.53177619529692;33.32255909305162;67.0;578.0;ONE_EXPON;400.0
50.0;;;0.3;2.5;20.77709497181244;35.93503153630263;72.0;627.0;ONE_EXPON;400.0
50.0;;;0.3;3.0;20.601734626109163;41.64359994355036;83.0;679.0;ONE_EXPON;400.0
50.0;;;0.3;3.5;18.63188527295391;40.88346556447655;83.0;645.0;ONE_EXPON;400.0
50.0;;;0.3;4.0;17.367031523247764;43.11243045830414;86.0;645.0;ONE_EXPON;400.0
50.0;;;0.3;4.5;19.057328218958773;50.71528253008989;102.0;767.0;ONE_EXPON;400.0
50.0;;;0.3;5.0;18.505261907319166;54.70338161545954;110.0;829.0;ONE_EXPON;400.0
50.0;;;0.35;0.5;140.0745944243772;154.67085466599542;308.0;2156.0;ONE_EXPON;400.0
50.0;;;0.35;1.0;129.65848467680095;159.9701500386625;320.0;2175.0;ONE_EXPON;400.0
50.0;;;0.35;1.5;97.61058693172474;134.33501019390903;270.0;1778.0;ONE_EXPON;400.0
50.0;;;0.35;2.0;81.12547713071086;124.37538086610766;248.0;1644.0;ONE_EXPON;400.0
50.0;;;0.35;2.5;66.24559204904904;113.65293971656878;229.0;1482.0;ONE_EXPON;400.0
50.0;;;0.35;3.0;60.257750267070826;117.55497077175885;234.0;1448.0;ONE_EXPON;400.0
50.0;;;0.35;3.5;50.23810566536383;107.62076577523692;216.0;1298.0;ONE_EXPON;400.0
50.0;;;0.35;4.0;38.70741818110467;93.25387008365703;186.0;1080.0;ONE_EXPON;400.0
50.0;;;0.35;4.5;41.714736428749234;109.4741814643505;219.0;1263.0;ONE_EXPON;400.0
50.0;;;0.35;5.0;39.3132207442837;115.25127053493148;229.0;1262.0;ONE_EXPON;400.0
50.0;;;0.4;0.5;176.40393952577725;195.83814506384948;392.0;2100.0;ONE_EXPON;400.0
50.0;;;0.4;1.0;154.19938694457574;189.24764336140785;383.0;2050.0;ONE_EXPON;400.0
50.0;;;0.4;1.5;138.5641763313117;190.66678400095344;381.0;2007.0;ONE_EXPON;400.0
50.0;;;0.4;2.0;117.0582012116076;181.29323799892595;362.0;1895.0;ONE_EXPON;400.0
50.0;;;0.4;2.5;98.3835281698438;171.85526256053015;344.0;1795.0;ONE_EXPON;400.0
50.0;;;0.4;3.0;81.59701054376788;158.1933402127422;318.0;1627.0;ONE_EXPON;400.0
50.0;;;0.4;3.5;72.19138374006894;153.7819191415717;308.0;1562.0;ONE_EXPON;400.0
50.0;;;0.4;4.0;64.156901290993;151.72180739577084;304.0;1481.0;ONE_EXPON;400.0
50.0;;;0.4;4.5;53.47639889599768;138.83114691200467;279.0;1344.0;ONE_EXPON;400.0
50.0;;;0.4;5.0;51.42594547572931;146.48117193043996;290.0;1342.0;ONE_EXPON;400.0
50.0;;;0.45;0.5;180.87149051389773;200.3091765842329;399.0;1744.0;ONE_EXPON;400.0
50.0;;;0.45;1.0;162.4898347841951;198.8268150037953;399.0;1751.0;ONE_EXPON;400.0
50.0;;;0.45;1.5;142.93264603245763;197.8184579230376;396.0;1758.0;ONE_EXPON;400.0
50.0;;;0.45;2.0;126.25462647634644;196.34837016816803;392.0;1728.0;ONE_EXPON;400.0
50.0;;;0.45;2.5;109.04747103617024;191.36691588578668;382.0;1713.0;ONE_EXPON;400.0
50.0;;;0.45;3.0;95.67945422048324;184.97338608353385;369.0;1640.0;ONE_EXPON;400.0
50.0;;;0.45;3.5;86.29876039727948;184.99630656609256;369.0;1635.0;ONE_EXPON;400.0
50.0;;;0.45;4.0;79.8446046557864;186.2118108630692;373.0;1613.0;ONE_EXPON;400.0
50.0;;;0.45;4.5;69.28925103001522;178.2323157860978;358.0;1544.0;ONE_EXPON;400.0
50.0;;;0.45;5.0;61.12221230985112;172.06378184073876;345.0;1456.0;ONE_EXPON;400.0
50.0;;;0.5;0.5;182.57123630527843;199.71707378584168;400.0;1604.0;ONE_EXPON;400.0
50.0;;;0.5;1.0;163.41326368783476;200.60213626016565;400.0;1611.0;ONE_EXPON;400.0
50.0;;;0.5;1.5;145.11791969901958;200.57704514265544;400.0;1610.0;ONE_EXPON;400.0
50.0;;;0.5;2.0;130.3000120929428;199.9557947723668;400.0;1616.0;ONE_EXPON;400.0
50.0;;;0.5;2.5;117.00478655693568;198.64068499291704;397.0;1606.0;ONE_EXPON;400.0
50.0;;;0.5;3.0;102.6320713695348;195.374057305277;393.0;1596.0;ONE_EXPON;400.0
50.0;;;0.5;3.5;93.58975424829144;195.1780792268997;391.0;1579.0;ONE_EXPON;400.0
50.0;;;0.5;4.0;83.24256222299917;194.0045855853879;386.0;1549.0;ONE_EXPON;400.0
50.0;;;0.5;4.5;74.88328265972365;189.9463153398811;383.0;1546.0;ONE_EXPON;400.0
50.0;;;0.5;5.0;67.54384400656554;186.4089783196457;373.0;1483.0;ONE_EXPON;400.0
50.0;;;0.55;0.5;180.632069568234;200.7124162564484;400.0;1584.0;ONE_EXPON;400.0
50.0;;;0.55;1.0;162.56605201419202;199.8757931374999;400.0;1591.0;ONE_EXPON;400.0
50.0;;;0.55;1.5;144.7886763570687;198.87017590686932;400.0;1582.0;ONE_EXPON;400.0
50.0;;;0.55;2.0;131.4253617330587;201.4384201646409;400.0;1563.0;ONE_EXPON;400.0
50.0;;;0.55;2.5;119.3905881011995;199.4680985142936;399.0;1554.0;ONE_EXPON;400.0
50.0;;;0.55;3.0;106.26113287281152;199.3174355271964;400.0;1551.0;ONE_EXPON;400.0
50.0;;;0.55;3.5;95.89600169873496;198.5051622324174;398.0;1517.0;ONE_EXPON;400.0
50.0;;;0.55;4.0;86.15509958460187;197.98932873256223;396.0;1479.0;ONE_EXPON;400.0
50.0;;;0.55;4.5;77.964069428774;198.0805836292499;396.0;1444.0;ONE_EXPON;400.0
50.0;;;0.55;5.0;72.34937297614412;199.64479142254888;397.0;1436.0;ONE_EXPON;400.0
50.0;;;0.6;0.5;182.19186860150205;201.45812117289088;400.0;1430.0;ONE_EXPON;400.0
50.0;;;0.6;1.0;163.93535318959997;199.8870648028213;400.0;1410.0;ONE_EXPON;400.0
50.0;;;0.6;1.5;147.34563834975026;200.5271969402708;400.0;1421.0;ONE_EXPON;400.0
50.0;;;0.6;2.0;133.4760715850124;200.79759953647084;400.0;1410.0;ONE_EXPON;400.0
50.0;;;0.6;2.5;118.90002025337844;200.89885150301;400.0;1375.0;ONE_EXPON;400.0
50.0;;;0.6;3.0;106.4859973091855;199.112331420976;400.0;1356.0;ONE_EXPON;400.0
50.0;;;0.6;3.5;97.01058991247211;198.9161279958489;400.0;1348.0;ONE_EXPON;400.0
50.0;;;0.6;4.0;88.50381882863053;199.9583782756415;400.0;1328.0;ONE_EXPON;400.0
50.0;;;0.6;4.5;80.51626018104065;199.74721713257665;400.0;1299.0;ONE_EXPON;400.0
50.0;;;0.6;5.0;72.91301144610038;199.5584364911155;398.0;1284.0;ONE_EXPON;400.0
50.0;;;0.65;0.5;181.33354739488416;199.39841928922516;400.0;1240.0;ONE_EXPON;400.0
50.0;;;0.65;1.0;165.40385405835866;199.4653470337169;400.0;1225.0;ONE_EXPON;400.0
50.0;;;0.65;1.5;146.95582597623715;200.41275942018123;400.0;1227.0;ONE_EXPON;400.0
50.0;;;0.65;2.0;132.96963258516786;202.16579170353805;400.0;1222.0;ONE_EXPON;400.0
50.0;;;0.65;2.5;119.84258986771086;201.0637101930168;400.0;1231.0;ONE_EXPON;400.0
50.0;;;0.65;3.0;108.58543191400707;200.97601918127427;400.0;1234.0;ONE_EXPON;400.0
50.0;;;0.65;3.5;97.2549695268249;198.6224883221478;400.0;1230.0;ONE_EXPON;400.0
50.0;;;0.65;4.0;87.63031638341879;199.25904116837904;400.0;1225.0;ONE_EXPON;400.0
50.0;;;0.65;4.5;80.57705377491254;199.0444195831443;400.0;1237.0;ONE_EXPON;400.0
50.0;;;0.65;5.0;73.72374725057057;199.6196043805801;399.0;1220.0;ONE_EXPON;400.0
50.0;;;0.7;0.5;181.93512025794757;200.1128436690728;400.0;1200.0;ONE_EXPON;400.0
50.0;;;0.7;1.0;165.30432963571522;201.3523018320412;400.0;1201.0;ONE_EXPON;400.0
50.0;;;0.7;1.5;147.89945198227394;202.038379067143;400.0;1200.0;ONE_EXPON;400.0
50.0;;;0.7;2.0;131.6586003084844;200.90199421998395;400.0;1200.0;ONE_EXPON;400.0
50.0;;;0.7;2.5;120.81322646449406;199.8454610118804;400.0;1201.0;ONE_EXPON;400.0
50.0;;;0.7;3.0;107.43270742432604;201.3412120981697;400.0;1202.0;ONE_EXPON;400.0
50.0;;;0.7;3.5;97.30225262017476;198.4607457372804;400.0;1200.0;ONE_EXPON;400.0
50.0;;;0.7;4.0;88.71561508147283;199.805002749326;400.0;1206.0;ONE_EXPON;400.0
50.0;;;0.7;4.5;80.07356012894196;200.86440853447576;400.0;1200.0;ONE_EXPON;400.0
50.0;;;0.7;5.0;74.20051125611772;200.98362437857944;400.0;1204.0;ONE_EXPON;400.0
50.0;;;0.75;0.5;182.9515017528516;200.4095552029784;400.0;1200.0;ONE_EXPON;400.0
50.0;;;0.75;1.0;163.25428066972816;201.45585505677812;400.0;1200.0;ONE_EXPON;400.0
50.0;;;0.75;1.5;149.8572018016637;199.3225454690888;400.0;1200.0;ONE_EXPON;400.0
50.0;;;0.75;2.0;134.084973723882;200.5029699662116;400.0;1200.0;ONE_EXPON;400.0
50.0;;;0.75;2.5;120.89925336392427;202.69722028030804;400.0;1200.0;ONE_EXPON;400.0
50.0;;;0.75;3.0;108.4204198287917;198.6292458956217;400.0;1200.0;ONE_EXPON;400.0
50.0;;;0.75;3.5;97.98942464080878;201.74902968732889;400.0;1200.0;ONE_EXPON;400.0
50.0;;;0.75;4.0;89.64734530067665;199.05954474965293;400.0;1200.0;ONE_EXPON;400.0
50.0;;;0.75;4.5;81.34409428198799;199.48121433295967;400.0;1200.0;ONE_EXPON;400.0
50.0;;;0.75;5.0;74.1724167189463;200.47356026539916;400.0;1201.0;ONE_EXPON;400.0
50.0;;;0.8;0.5;180.934817366627;199.80840850550325;400.0;1200.0;ONE_EXPON;400.0
50.0;;;0.8;1.0;165.54025772324965;199.77543427295808;400.0;1200.0;ONE_EXPON;400.0
50.0;;;0.8;1.5;147.93034426320318;200.57196987232604;400.0;1200.0;ONE_EXPON;400.0
50.0;;;0.8;2.0;134.2469025029926;200.02198083118665;400.0;1200.0;ONE_EXPON;400.0
50.0;;;0.8;2.5;120.68107880899086;199.90016592019475;400.0;1200.0;ONE_EXPON;400.0
50.0;;;0.8;3.0;109.65877925740182;199.32637467138755;400.0;1200.0;ONE_EXPON;400.0
50.0;;;0.8;3.5;99.61732435221282;200.35050880056647;400.0;1200.0;ONE_EXPON;400.0
50.0;;;0.8;4.0;89.64731285195764;200.8359894034077;400.0;1200.0;ONE_EXPON;400.0
50.0;;;0.8;4.5;82.4049858342071;201.3525232500957;400.0;1200.0;ONE_EXPON;400.0
50.0;;;0.8;5.0;75.09837196939199;200.90890315851715;400.0;1200.0;ONE_EXPON;400.0
50.0;;;0.85;0.5;183.86511480699767;200.909391015933;400.0;1200.0;ONE_EXPON;400.0
50.0;;;0.85;1.0;166.241398890911;199.81181943391925;400.0;1200.0;ONE_EXPON;400.0
50.0;;;0.85;1.5;149.08373896554662;198.5730685469196;400.0;1200.0;ONE_EXPON;400.0
50.0;;;0.85;2.0;135.10616304222236;200.77346142394947;400.0;1200.0;ONE_EXPON;400.0
50.0;;;0.85;2.5;121.02287915065044;200.9311245828597;400.0;1200.0;ONE_EXPON;400.0
50.0;;;0.85;3.0;110.00035534642858;200.62468366072312;400.0;1200.0;ONE_EXPON;400.0
50.0;;;0.85;3.5;99.78777299197849;201.1618422492758;400.0;1200.0;ONE_EXPON;400.0
50.0;;;0.85;4.0;90.93368337155523;199.85439851877112;400.0;1200.0;ONE_EXPON;400.0
50.0;;;0.85;4.5;82.77038251718962;200.0681100767972;400.0;1200.0;ONE_EXPON;400.0
50.0;;;0.85;5.0;74.34442923758483;200.2738055860821;400.0;1200.0;ONE_EXPON;400.0
50.0;;;0.9;0.5;183.1489252705146;201.73966732217215;400.0;1200.0;ONE_EXPON;400.0
50.0;;;0.9;1.0;165.37818228566408;198.2743044280801;400.0;1200.0;ONE_EXPON;400.0
50.0;;;0.9;1.5;150.48796073735636;200.13800371675416;400.0;1200.0;ONE_EXPON;400.0
50.0;;;0.9;2.0;136.81349421068174;200.76394422624;400.0;1200.0;ONE_EXPON;400.0
50.0;;;0.9;2.5;121.46174284797446;198.9340748994412;400.0;1200.0;ONE_EXPON;400.0
50.0;;;0.9;3.0;110.0290281880185;199.96723132092296;400.0;1200.0;ONE_EXPON;400.0
50.0;;;0.9;3.5;99.92021934581932;201.7376705330649;400.0;1200.0;ONE_EXPON;400.0
50.0;;;0.9;4.0;91.52365687238978;199.4865495809672;400.0;1199.0;ONE_EXPON;400.0
50.0;;;0.9;4.5;82.87654827446705;200.8035680021013;400.0;1200.0;ONE_EXPON;400.0
50.0;;;0.9;5.0;75.54559808956779;199.9414837876316;400.0;1199.0;ONE_EXPON;400.0
50.0;;;0.95;0.5;182.63230145194237;198.614797927919;400.0;1200.0;ONE_EXPON;400.0
50.0;;;0.95;1.0;166.58664209571376;201.0260071565655;400.0;1200.0;ONE_EXPON;400.0
50.0;;;0.95;1.5;150.14502431566973;199.3259461426966;400.0;1200.0;ONE_EXPON;400.0
50.0;;;0.95;2.0;135.59022948341422;200.7208718088979;400.0;1200.0;ONE_EXPON;400.0
50.0;;;0.95;2.5;123.0078031702772;199.3890366939696;400.0;1199.0;ONE_EXPON;400.0
50.0;;;0.95;3.0;111.4488320633629;199.7435494573613;400.0;1199.0;ONE_EXPON;400.0
50.0;;;0.95;3.5;100.22700331383732;200.75869986981843;400.0;1197.0;ONE_EXPON;400.0
50.0;;;0.95;4.0;90.66215990579455;200.1691207112722;400.0;1198.0;ONE_EXPON;400.0
50.0;;;0.95;4.5;83.56888556393588;200.12242991124535;400.0;1195.0;ONE_EXPON;400.0
50.0;;;0.95;5.0;76.4511729203329;199.691619431649;400.0;1192.0;ONE_EXPON;400.0
50.0;;;1.0;0.5;183.3305678828288;199.39557157954627;400.0;1200.0;ONE_EXPON;400.0
50.0;;;1.0;1.0;169.0467113533912;200.26308602880772;400.0;1200.0;ONE_EXPON;400.0
50.0;;;1.0;1.5;151.06912620519694;200.18210002425872;400.0;1200.0;ONE_EXPON;400.0
50.0;;;1.0;2.0;136.20241039060238;200.3466939035394;400.0;1200.0;ONE_EXPON;400.0
50.0;;;1.0;2.5;124.64376518435976;200.3853829470589;400.0;1197.0;ONE_EXPON;400.0
50.0;;;1.0;3.0;111.1088262702527;199.6520440144064;400.0;1193.0;ONE_EXPON;400.0
50.0;;;1.0;3.5;100.13457926885448;200.149448074365;400.0;1190.0;ONE_EXPON;400.0
50.0;;;1.0;4.0;92.43485410389718;200.08208729753565;400.0;1179.0;ONE_EXPON;400.0
50.0;;;1.0;4.5;83.90542554803811;199.8694705989895;400.0;1153.0;ONE_EXPON;400.0
50.0;;;1.0;5.0;76.52884728347416;199.53521734685137;400.0;1142.0;ONE_EXPON;400.0
50.0;0.5;0.5;0.15;0.5;0.0;0.0;0.0;0.0;BOTH_BETA_EXPON;400.0
50.0;1.0;1.0;0.15;1.0;0.0;0.0;0.0;0.0;BOTH_BETA_EXPON;400.0
50.0;1.5;1.5;0.15;1.5;0.0;0.0;0.0;0.0;BOTH_BETA_EXPON;400.0
50.0;2.0;2.0;0.15;2.0;0.0;0.0;0.0;0.0;BOTH_BETA_EXPON;400.0
50.0;2.5;2.5;0.15;2.5;0.0;0.0;0.0;0.0;BOTH_BETA_EXPON;400.0
50.0;3.0;3.0;0.15;3.0;0.0;0.0;0.0;0.0;BOTH_BETA_EXPON;400.0
50.0;3.5;3.5;0.15;3.5;0.0;0.0;0.0;0.0;BOTH_BETA_EXPON;400.0
50.0;4.0;4.0;0.15;4.0;0.0;0.0;0.0;0.0;BOTH_BETA_EXPON;400.0
50.0;4.5;4.5;0.15;4.5;0.0;0.0;0.0;0.0;BOTH_BETA_EXPON;400.0
50.0;5.0;5.0;0.15;5.0;1.485267156711417;0.5861925755219697;3.0;22.0;BOTH_BETA_EXPON;400.0
50.0;0.5;0.5;0.2;0.5;0.0;0.0;0.0;0.0;BOTH_BETA_EXPON;400.0
50.0;1.0;1.0;0.2;1.0;0.0;0.0;0.0;0.0;BOTH_BETA_EXPON;400.0
50.0;1.5;1.5;0.2;1.5;0.0;0.0;0.0;0.0;BOTH_BETA_EXPON;400.0
50.0;2.0;2.0;0.2;2.0;0.9430057422274588;0.659809090319954;2.0;29.0;BOTH_BETA_EXPON;400.0
50.0;2.5;2.5;0.2;2.5;0.0;0.0;0.0;0.0;BOTH_BETA_EXPON;400.0
50.0;3.0;3.0;0.2;3.0;0.9726932749651569;0.46218172133257074;2.0;20.0;BOTH_BETA_EXPON;400.0
50.0;3.5;3.5;0.2;3.5;4.00013303519058;1.6657499616923626;8.0;65.0;BOTH_BETA_EXPON;400.0
50.0;4.0;4.0;0.2;4.0;5.143303806016094;2.008575098092956;10.0;70.0;BOTH_BETA_EXPON;400.0
50.0;4.5;4.5;0.2;4.5;10.872312810907268;4.042261724698003;22.0;139.0;BOTH_BETA_EXPON;400.0
50.0;5.0;5.0;0.2;5.0;21.573353383476473;7.083695946292695;43.0;269.0;BOTH_BETA_EXPON;400.0
50.0;0.5;0.5;0.25;0.5;0.0;0.0;0.0;0.0;BOTH_BETA_EXPON;400.0
50.0;1.0;1.0;0.25;1.0;1.3350949793120914;1.2151402435544671;3.0;37.0;BOTH_BETA_EXPON;400.0
50.0;1.5;1.5;0.25;1.5;4.300157032815877;3.3171301813532468;9.0;88.0;BOTH_BETA_EXPON;400.0
50.0;2.0;2.0;0.25;2.0;14.065656528716604;8.967028222108896;28.0;252.0;BOTH_BETA_EXPON;400.0
50.0;2.5;2.5;0.25;2.5;21.469097041511617;12.654767515116422;43.0;325.0;BOTH_BETA_EXPON;400.0
50.0;3.0;3.0;0.25;3.0;21.624899139812854;11.19762218787885;43.0;314.0;BOTH_BETA_EXPON;400.0
50.0;3.5;3.5;0.25;3.5;31.058066536588775;14.064131563907956;62.0;394.0;BOTH_BETA_EXPON;400.0
50.0;4.0;4.0;0.25;4.0;32.512887510717874;13.296084909893066;65.0;387.0;BOTH_BETA_EXPON;400.0
50.0;4.5;4.5;0.25;4.5;42.39375920541109;16.100549493942324;85.0;489.0;BOTH_BETA_EXPON;400.0
50.0;5.0;5.0;0.25;5.0;53.15917771513486;17.86495406909502;106.0;555.0;BOTH_BETA_EXPON;400.0
50.0;0.5;0.5;0.3;0.5;4.7603715447726485;4.520622958210489;10.0;116.0;BOTH_BETA_EXPON;400.0
50.0;1.0;1.0;0.3;1.0;43.329538694146365;35.31308101465341;87.0;788.0;BOTH_BETA_EXPON;400.0
50.0;1.5;1.5;0.3;1.5;82.10096589856539;60.88643397806375;166.0;1226.0;BOTH_BETA_EXPON;400.0
50.0;2.0;2.0;0.3;2.0;82.02608566983241;54.663977499321284;163.0;1105.0;BOTH_BETA_EXPON;400.0
50.0;2.5;2.5;0.3;2.5;77.10576364065646;45.580347503142484;154.0;1012.0;BOTH_BETA_EXPON;400.0
50.0;3.0;3.0;0.3;3.0;86.04505256168693;44.69833759007918;173.0;1038.0;BOTH_BETA_EXPON;400.0
50.0;3.5;3.5;0.3;3.5;82.18585411968724;38.361761359292984;165.0;887.0;BOTH_BETA_EXPON;400.0
50.0;4.0;4.0;0.3;4.0;86.0129107313948;35.89417946117934;172.0;913.0;BOTH_BETA_EXPON;400.0
50.0;4.5;4.5;0.3;4.5;82.43132621399654;31.301885837120498;165.0;818.0;BOTH_BETA_EXPON;400.0
50.0;5.0;5.0;0.3;5.0;97.75817431579067;34.0308834971675;195.0;909.0;BOTH_BETA_EXPON;400.0
50.0;0.5;0.5;0.35;0.5;46.07936252009603;41.29102281091951;92.0;910.0;BOTH_BETA_EXPON;400.0
50.0;1.0;1.0;0.35;1.0;155.76673305087763;126.5325213454194;313.0;2113.0;BOTH_BETA_EXPON;400.0
50.0;1.5;1.5;0.35;1.5;162.14254632014416;118.32665983715513;323.0;1905.0;BOTH_BETA_EXPON;400.0
50.0;2.0;2.0;0.35;2.0;159.27681453546376;103.07660792589081;318.0;1755.0;BOTH_BETA_EXPON;400.0
50.0;2.5;2.5;0.35;2.5;159.89053299860237;91.66235258866784;319.0;1682.0;BOTH_BETA_EXPON;400.0
50.0;3.0;3.0;0.35;3.0;144.87053263430326;76.97198479483883;292.0;1482.0;BOTH_BETA_EXPON;400.0
50.0;3.5;3.5;0.35;3.5;138.95428700900027;65.42555243685098;279.0;1346.0;BOTH_BETA_EXPON;400.0
50.0;4.0;4.0;0.35;4.0;128.56863478846316;54.43382747125589;256.0;1163.0;BOTH_BETA_EXPON;400.0
50.0;4.5;4.5;0.35;4.5;134.9080022578663;51.82230170086162;269.0;1172.0;BOTH_BETA_EXPON;400.0
50.0;5.0;5.0;0.35;5.0;141.61454505110183;49.968515947077336;283.0;1162.0;BOTH_BETA_EXPON;400.0
50.0;0.5;0.5;0.4;0.5;132.50316192419476;120.8772564453963;267.0;2131.0;BOTH_BETA_EXPON;400.0
50.0;1.0;1.0;0.4;1.0;190.64926182608005;154.0341345730786;384.0;2046.0;BOTH_BETA_EXPON;400.0
50.0;1.5;1.5;0.4;1.5;194.03649048400337;142.1437809987321;387.0;1862.0;BOTH_BETA_EXPON;400.0
50.0;2.0;2.0;0.4;2.0;189.23001390695342;121.54364850983085;377.0;1727.0;BOTH_BETA_EXPON;400.0
50.0;2.5;2.5;0.4;2.5;183.6706589063711;107.2365784090052;369.0;1674.0;BOTH_BETA_EXPON;400.0
50.0;3.0;3.0;0.4;3.0;179.2738832495545;94.42981166721306;360.0;1577.0;BOTH_BETA_EXPON;400.0
50.0;3.5;3.5;0.4;3.5;177.14382441002707;85.81387243843618;355.0;1514.0;BOTH_BETA_EXPON;400.0
50.0;4.0;4.0;0.4;4.0;174.93152114970974;74.92616343066874;352.0;1470.0;BOTH_BETA_EXPON;400.0
50.0;4.5;4.5;0.4;4.5;174.13860779245024;68.70809470570309;348.0;1366.0;BOTH_BETA_EXPON;400.0
50.0;5.0;5.0;0.4;5.0;170.23555331899183;61.062721517217824;341.0;1292.0;BOTH_BETA_EXPON;400.0
50.0;0.5;0.5;0.45;0.5;182.4668517273566;165.85367461337245;364.0;2198.0;BOTH_BETA_EXPON;400.0
50.0;1.0;1.0;0.45;1.0;198.339476594923;162.24836936752553;399.0;1766.0;BOTH_BETA_EXPON;400.0
50.0;1.5;1.5;0.45;1.5;200.19283311527016;144.12862852812592;398.0;1654.0;BOTH_BETA_EXPON;400.0
50.0;2.0;2.0;0.45;2.0;199.88871116133112;129.27741175516186;399.0;1633.0;BOTH_BETA_EXPON;400.0
50.0;2.5;2.5;0.45;2.5;196.58300812090408;116.2847344489548;394.0;1599.0;BOTH_BETA_EXPON;400.0
50.0;3.0;3.0;0.45;3.0;198.06251439129122;104.55883429525082;396.0;1576.0;BOTH_BETA_EXPON;400.0
50.0;3.5;3.5;0.45;3.5;192.6508970385502;91.88558850306181;386.0;1497.0;BOTH_BETA_EXPON;400.0
50.0;4.0;4.0;0.45;4.0;190.7433889565267;83.31331110128184;383.0;1445.0;BOTH_BETA_EXPON;400.0
50.0;4.5;4.5;0.45;4.5;191.51851713042925;76.07560809011858;384.0;1386.0;BOTH_BETA_EXPON;400.0
50.0;5.0;5.0;0.45;5.0;189.28232852840105;69.20862815616108;378.0;1306.0;BOTH_BETA_EXPON;400.0
50.0;0.5;0.5;0.5;0.5;197.4530131569229;178.5007043150757;396.0;1929.0;BOTH_BETA_EXPON;400.0
50.0;1.0;1.0;0.5;1.0;199.60203261930764;162.73254808813965;400.0;1609.0;BOTH_BETA_EXPON;400.0
50.0;1.5;1.5;0.5;1.5;198.75099266207323;146.70268706255757;399.0;1590.0;BOTH_BETA_EXPON;400.0
50.0;2.0;2.0;0.5;2.0;199.54607361543157;132.38412718887216;400.0;1563.0;BOTH_BETA_EXPON;400.0
50.0;2.5;2.5;0.5;2.5;200.34716543294473;118.24199559340778;400.0;1523.0;BOTH_BETA_EXPON;400.0
50.0;3.0;3.0;0.5;3.0;199.88755621080577;106.42526896272156;399.0;1464.0;BOTH_BETA_EXPON;400.0
50.0;3.5;3.5;0.5;3.5;198.83176682336128;95.067032553076;397.0;1411.0;BOTH_BETA_EXPON;400.0
50.0;4.0;4.0;0.5;4.0;197.9269017865963;87.0725540896801;396.0;1368.0;BOTH_BETA_EXPON;400.0
50.0;4.5;4.5;0.5;4.5;197.9085203151554;79.75363099067309;395.0;1306.0;BOTH_BETA_EXPON;400.0
50.0;5.0;5.0;0.5;5.0;194.3791809069578;72.08691401727738;390.0;1247.0;BOTH_BETA_EXPON;400.0
50.0;0.5;0.5;0.55;0.5;198.47798594173932;182.94310999040934;400.0;1658.0;BOTH_BETA_EXPON;400.0
50.0;1.0;1.0;0.55;1.0;197.5202926943263;163.15443651435328;400.0;1582.0;BOTH_BETA_EXPON;400.0
50.0;1.5;1.5;0.55;1.5;199.86084401735638;146.1937128716466;400.0;1496.0;BOTH_BETA_EXPON;400.0
50.0;2.0;2.0;0.55;2.0;199.21313218974498;132.29961629405875;400.0;1393.0;BOTH_BETA_EXPON;400.0
50.0;2.5;2.5;0.55;2.5;200.20771672930783;118.83351199718255;400.0;1310.0;BOTH_BETA_EXPON;400.0
50.0;3.0;3.0;0.55;3.0;200.2609453008945;106.53414482319145;400.0;1297.0;BOTH_BETA_EXPON;400.0
50.0;3.5;3.5;0.55;3.5;198.7911115361844;97.82183961299857;400.0;1250.0;BOTH_BETA_EXPON;400.0
50.0;4.0;4.0;0.55;4.0;198.8534988275488;87.22335284362514;398.0;1240.0;BOTH_BETA_EXPON;400.0
50.0;4.5;4.5;0.55;4.5;199.65183679195025;81.46712713554709;400.0;1227.0;BOTH_BETA_EXPON;400.0
50.0;5.0;5.0;0.55;5.0;198.84293845143907;73.07311810832063;397.0;1222.0;BOTH_BETA_EXPON;400.0
50.0;0.5;0.5;0.6;0.5;201.01819437713704;180.6860248329509;400.0;1598.0;BOTH_BETA_EXPON;400.0
50.0;1.0;1.0;0.6;1.0;200.14803138178118;166.63204990274744;400.0;1420.0;BOTH_BETA_EXPON;400.0
50.0;1.5;1.5;0.6;1.5;200.68168499507198;147.90456148457915;400.0;1277.0;BOTH_BETA_EXPON;400.0
50.0;2.0;2.0;0.6;2.0;200.2760583215438;133.66419980701463;400.0;1217.0;BOTH_BETA_EXPON;400.0
50.0;2.5;2.5;0.6;2.5;199.25828947621602;119.32711702641191;400.0;1208.0;BOTH_BETA_EXPON;400.0
50.0;3.0;3.0;0.6;3.0;199.66640535039014;105.93612382855852;400.0;1205.0;BOTH_BETA_EXPON;400.0
50.0;3.5;3.5;0.6;3.5;199.8836506162769;96.4699516340997;400.0;1204.0;BOTH_BETA_EXPON;400.0
50.0;4.0;4.0;0.6;4.0;200.06327930699155;88.64916402336267;400.0;1204.0;BOTH_BETA_EXPON;400.0
50.0;4.5;4.5;0.6;4.5;200.2493840426381;80.89223892850201;400.0;1201.0;BOTH_BETA_EXPON;400.0
50.0;5.0;5.0;0.6;5.0;199.9761594310967;74.07836779906472;400.0;1202.0;BOTH_BETA_EXPON;400.0
50.0;0.5;0.5;0.65;0.5;198.8013281890419;180.2402809757481;400.0;1519.0;BOTH_BETA_EXPON;400.0
50.0;1.0;1.0;0.65;1.0;200.2446889495854;164.68780142838418;400.0;1229.0;BOTH_BETA_EXPON;400.0
50.0;1.5;1.5;0.65;1.5;199.2548750348598;147.99979214246318;400.0;1203.0;BOTH_BETA_EXPON;400.0
50.0;2.0;2.0;0.65;2.0;198.72674940686642;132.77232428012348;400.0;1200.0;BOTH_BETA_EXPON;400.0
50.0;2.5;2.5;0.65;2.5;200.8475261275084;120.033377293331;400.0;1200.0;BOTH_BETA_EXPON;400.0
50.0;3.0;3.0;0.65;3.0;199.74021166701098;108.91375082478493;400.0;1200.0;BOTH_BETA_EXPON;400.0
50.0;3.5;3.5;0.65;3.5;199.1582104133925;98.78933090314555;400.0;1200.0;BOTH_BETA_EXPON;400.0
50.0;4.0;4.0;0.65;4.0;200.82907871031327;89.43212746429471;400.0;1200.0;BOTH_BETA_EXPON;400.0
50.0;4.5;4.5;0.65;4.5;199.47390857415215;82.62209202733047;400.0;1197.0;BOTH_BETA_EXPON;400.0
50.0;5.0;5.0;0.65;5.0;200.0536296401674;75.69749635610967;400.0;1190.0;BOTH_BETA_EXPON;400.0
50.0;0.5;0.5;0.7;0.5;199.14300008330372;184.07716857516965;400.0;1283.0;BOTH_BETA_EXPON;400.0
50.0;1.0;1.0;0.7;1.0;201.33884794383513;164.89949602034682;400.0;1200.0;BOTH_BETA_EXPON;400.0
50.0;1.5;1.5;0.7;1.5;199.57268950327685;148.3147030407565;400.0;1200.0;BOTH_BETA_EXPON;400.0
50.0;2.0;2.0;0.7;2.0;200.09089986341576;133.98807572443013;400.0;1200.0;BOTH_BETA_EXPON;400.0
50.0;2.5;2.5;0.7;2.5;199.4901015842575;120.81299202811029;400.0;1200.0;BOTH_BETA_EXPON;400.0
50.0;3.0;3.0;0.7;3.0;200.14960100233606;108.90079001968029;400.0;1200.0;BOTH_BETA_EXPON;400.0
50.0;3.5;3.5;0.7;3.5;199.41631909834217;99.49918314332575;400.0;1200.0;BOTH_BETA_EXPON;400.0
50.0;4.0;4.0;0.7;4.0;200.71283056578318;90.29199493649344;400.0;1195.0;BOTH_BETA_EXPON;400.0
50.0;4.5;4.5;0.7;4.5;199.1220756274516;81.73762360187617;400.0;1187.0;BOTH_BETA_EXPON;400.0
50.0;5.0;5.0;0.7;5.0;200.382389346242;75.59939198104865;400.0;1177.0;BOTH_BETA_EXPON;400.0
50.0;0.5;0.5;0.75;0.5;197.83527637876472;181.77761749293768;400.0;1205.0;BOTH_BETA_EXPON;400.0
50.0;1.0;1.0;0.75;1.0;199.95392016463794;166.63654208380277;400.0;1200.0;BOTH_BETA_EXPON;400.0
50.0;1.5;1.5;0.75;1.5;199.6474255761586;147.63266373938785;400.0;1200.0;BOTH_BETA_EXPON;400.0
50.0;2.0;2.0;0.75;2.0;200.64484155235286;133.71766131482693;400.0;1200.0;BOTH_BETA_EXPON;400.0
50.0;2.5;2.5;0.75;2.5;200.03750206177912;121.33517144440577;400.0;1200.0;BOTH_BETA_EXPON;400.0
50.0;3.0;3.0;0.75;3.0;200.52529396675584;109.58532068633866;400.0;1198.0;BOTH_BETA_EXPON;400.0
50.0;3.5;3.5;0.75;3.5;199.52582502390692;99.09176705417356;400.0;1200.0;BOTH_BETA_EXPON;400.0
50.0;4.0;4.0;0.75;4.0;199.9809480929076;90.41486716141401;400.0;1183.0;BOTH_BETA_EXPON;400.0
50.0;4.5;4.5;0.75;4.5;200.65586229466768;83.19771011646192;400.0;1163.0;BOTH_BETA_EXPON;400.0
50.0;5.0;5.0;0.75;5.0;199.499394006427;75.34703718340823;400.0;1126.0;BOTH_BETA_EXPON;400.0
50.0;0.5;0.5;0.8;0.5;200.67500422173296;182.63499909172108;400.0;1200.0;BOTH_BETA_EXPON;400.0
50.0;1.0;1.0;0.8;1.0;200.45787212209873;164.7403486034942;400.0;1200.0;BOTH_BETA_EXPON;400.0
50.0;1.5;1.5;0.8;1.5;200.5065167575914;149.93642539777866;400.0;1200.0;BOTH_BETA_EXPON;400.0
50.0;2.0;2.0;0.8;2.0;200.4876062218777;134.80261199747795;400.0;1200.0;BOTH_BETA_EXPON;400.0
50.0;2.5;2.5;0.8;2.5;199.5443660261662;121.46911957644375;400.0;1200.0;BOTH_BETA_EXPON;400.0
50.0;3.0;3.0;0.8;3.0;199.67945080205735;109.84078251020836;400.0;1198.0;BOTH_BETA_EXPON;400.0
50.0;3.5;3.5;0.8;3.5;200.02995737925465;99.43739474730805;400.0;1183.0;BOTH_BETA_EXPON;400.0
50.0;4.0;4.0;0.8;4.0;199.75871216010646;91.28922308369542;400.0;1166.0;BOTH_BETA_EXPON;400.0
50.0;4.5;4.5;0.8;4.5;199.86035478537167;83.51688205728912;400.0;1131.0;BOTH_BETA_EXPON;400.0
50.0;5.0;5.0;0.8;5.0;199.96487823001613;76.1212745681335;400.0;1063.0;BOTH_BETA_EXPON;400.0
50.0;0.5;0.5;0.85;0.5;198.79457064945444;182.86179701148438;400.0;1200.0;BOTH_BETA_EXPON;400.0
50.0;1.0;1.0;0.85;1.0;200.64894863151784;165.59714877008477;400.0;1200.0;BOTH_BETA_EXPON;400.0
50.0;1.5;1.5;0.85;1.5;199.5678846608297;149.5609639779882;400.0;1200.0;BOTH_BETA_EXPON;400.0
50.0;2.0;2.0;0.85;2.0;201.23637038669656;135.88099985221157;400.0;1200.0;BOTH_BETA_EXPON;400.0
50.0;2.5;2.5;0.85;2.5;199.68777421493624;121.76279919956244;400.0;1200.0;BOTH_BETA_EXPON;400.0
50.0;3.0;3.0;0.85;3.0;199.5154246266562;110.58683154772496;400.0;1190.0;BOTH_BETA_EXPON;400.0
50.0;3.5;3.5;0.85;3.5;199.83018947361214;100.81693505556872;400.0;1149.0;BOTH_BETA_EXPON;400.0
50.0;4.0;4.0;0.85;4.0;198.78537835217602;92.8648500288962;400.0;1124.0;BOTH_BETA_EXPON;400.0
50.0;4.5;4.5;0.85;4.5;200.03306975436692;83.75180674327807;400.0;1081.0;BOTH_BETA_EXPON;400.0
50.0;5.0;5.0;0.85;5.0;200.76954119895635;77.89701183035255;400.0;1032.0;BOTH_BETA_EXPON;400.0
50.0;0.5;0.5;0.9;0.5;201.5454019093207;182.2358588393676;400.0;1200.0;BOTH_BETA_EXPON;400.0
50.0;1.0;1.0;0.9;1.0;200.53500198259394;164.75017289146246;400.0;1200.0;BOTH_BETA_EXPON;400.0
50.0;1.5;1.5;0.9;1.5;201.6762113377616;150.24061218778488;400.0;1200.0;BOTH_BETA_EXPON;400.0
50.0;2.0;2.0;0.9;2.0;199.56839358714134;135.29247760465748;400.0;1197.0;BOTH_BETA_EXPON;400.0
50.0;2.5;2.5;0.9;2.5;200.47128522021652;124.21564121163573;400.0;1186.0;BOTH_BETA_EXPON;400.0
50.0;3.0;3.0;0.9;3.0;200.35202992817392;111.69433662143007;400.0;1178.0;BOTH_BETA_EXPON;400.0
50.0;3.5;3.5;0.9;3.5;199.3354113897978;101.60589814320713;400.0;1123.0;BOTH_BETA_EXPON;400.0
50.0;4.0;4.0;0.9;4.0;200.64649839129586;91.34423818821747;400.0;1050.0;BOTH_BETA_EXPON;400.0
50.0;4.5;4.5;0.9;4.5;200.35533716001802;83.88132017256699;400.0;1011.0;BOTH_BETA_EXPON;400.0
50.0;5.0;5.0;0.9;5.0;200.1842484413121;76.40405356551561;400.0;949.0;BOTH_BETA_EXPON;400.0
50.0;0.5;0.5;0.95;0.5;200.01070283462514;183.50088396770488;400.0;1200.0;BOTH_BETA_EXPON;400.0
50.0;1.0;1.0;0.95;1.0;197.7335075254675;166.607369288862;400.0;1200.0;BOTH_BETA_EXPON;400.0
50.0;1.5;1.5;0.95;1.5;199.78813639376102;151.42670696262047;400.0;1198.0;BOTH_BETA_EXPON;400.0
50.0;2.0;2.0;0.95;2.0;199.73891406632544;137.1678896270105;400.0;1193.0;BOTH_BETA_EXPON;400.0
50.0;2.5;2.5;0.95;2.5;199.76095772160096;124.09787829229577;400.0;1168.0;BOTH_BETA_EXPON;400.0
50.0;3.0;3.0;0.95;3.0;200.59986162499501;113.4773181204649;400.0;1127.0;BOTH_BETA_EXPON;400.0
50.0;3.5;3.5;0.95;3.5;200.1491986547446;101.76556387403312;400.0;1070.0;BOTH_BETA_EXPON;400.0
50.0;4.0;4.0;0.95;4.0;199.39744156326654;91.32320868749125;400.0;971.0;BOTH_BETA_EXPON;400.0
50.0;4.5;4.5;0.95;4.5;200.09091573667354;84.27026258544939;400.0;934.0;BOTH_BETA_EXPON;400.0
50.0;5.0;5.0;0.95;5.0;200.32436580583706;77.19470934312858;400.0;894.0;BOTH_BETA_EXPON;400.0
50.0;0.5;0.5;1.0;0.5;200.94080217001087;183.64012597010728;400.0;1200.0;BOTH_BETA_EXPON;400.0
50.0;1.0;1.0;1.0;1.0;200.5714844640178;166.68677653798713;400.0;1200.0;BOTH_BETA_EXPON;400.0
50.0;1.5;1.5;1.0;1.5;199.31069738146044;151.32582092517475;400.0;1193.0;BOTH_BETA_EXPON;400.0
50.0;2.0;2.0;1.0;2.0;200.980569757872;137.51268534044652;400.0;1159.0;BOTH_BETA_EXPON;400.0
50.0;2.5;2.5;1.0;2.5;199.32755917987762;123.55485559890057;400.0;1111.0;BOTH_BETA_EXPON;400.0
50.0;3.0;3.0;1.0;3.0;200.4785798284559;112.55859162678885;400.0;1029.0;BOTH_BETA_EXPON;400.0
50.0;3.5;3.5;1.0;3.5;199.32391434464913;101.44173657433902;400.0;964.0;BOTH_BETA_EXPON;400.0
50.0;4.0;4.0;1.0;4.0;199.8326632433002;92.46300765628526;400.0;923.0;BOTH_BETA_EXPON;400.0
50.0;4.5;4.5;1.0;4.5;199.82119604539352;84.05558938473932;400.0;878.0;BOTH_BETA_EXPON;400.0
50.0;5.0;5.0;1.0;5.0;200.2177115545737;76.58662507057275;400.0;869.0;BOTH_BETA_EXPON;400.0
