N;alpha;eps;consensus_x;consensus_y;consensus_probabity;simulation_time;simulation_count
50;0.5;0.15;0.0;0.0;0.0;0;1100
50;0.5;0.2;0.0;0.0;0.0;0;1100
50;0.5;0.25;2.7426936728503906;2.8189964777869037;6.0;68;1100
50;0.5;0.3;134.60989389603162;133.43471274651796;298.0;2713;1100
50;0.5;0.35;247.27711978127064;246.7616220985428;550.0;3783;700
50;0.5;0.4;307.39741660741896;303.7450815653653;676.0;3569;700
50;0.5;0.45;315.36546789092495;315.41765536087394;699.0;3093;700
50;0.5;0.5;315.9880886333914;314.34748689445075;700.0;2824;700
50;0.5;0.55;314.9627134144634;316.8876223103038;700.0;2765;700
50;0.5;0.6;317.72833263951173;316.82683632187263;700.0;2506;700
50;0.5;0.65;318.00893315100063;319.32944541593344;700.0;2146;700
50;0.5;0.7;320.78878684579104;317.48747665579253;700.0;2101;700
50;0.5;0.75;319.89582190903616;318.3273967518731;700.0;2100;700
50;0.5;0.8;319.9336811569938;319.0571749029213;700.0;2100;700
50;0.5;0.85;300.4803236102648;300.512973354522;659.0;1977;659
50;0.5;0.9;273.4250478508336;274.0514765269564;600.0;1800;600
50;0.5;0.95;276.4067517007559;274.13251570817147;600.0;1800;600
50;0.5;1.0;274.3379619966115;275.45714819218153;600.0;1798;600
50;1.0;0.15;0.0;0.0;0.0;0;100
50;1.0;0.2;0.0;0.0;0.0;0;100
50;1.0;0.25;0.0;0.0;0.0;0;100
50;1.0;0.3;5.8851942489959495;5.891989792381552;14.0;116;100
50;1.0;0.35;28.405069192412228;28.34649112126363;69.0;475;100
50;1.0;0.4;38.76775802710956;37.58961826481714;94.0;490;100
50;1.0;0.45;39.91897612130856;39.11978701091495;98.0;435;100
50;1.0;0.5;40.15498178427392;39.83826261736911;100.0;404;100
50;1.0;0.55;41.35477877710163;41.227953724816125;100.0;396;100
50;1.0;0.6;41.6055301924531;41.27253433143763;100.0;354;100
50;1.0;0.65;41.59429657554575;40.5546314787155;100.0;303;100
50;1.0;0.7;41.61593659161897;41.14747578969498;100.0;301;100
50;1.0;0.75;41.33727754549939;41.059331451347866;100.0;300;100
50;1.0;0.8;41.38153127161738;40.83379066444899;100.0;300;100
50;1.0;0.85;42.01178638563376;41.562287903168624;100.0;300;100
50;1.0;0.9;42.454934719999486;41.50265102916165;100.0;300;100
50;1.0;0.95;41.79993508088679;41.70555903646491;100.0;300;100
50;1.0;1.0;41.28216742723676;41.6757753066603;100.0;299;100
50;1.5;0.15;0.0;0.0;0.0;0;100
50;1.5;0.2;0.0;0.0;0.0;0;100
50;1.5;0.25;0.0;0.0;0.0;0;100
50;1.5;0.3;6.499301788276868;6.060512131281447;17.0;141;100
50;1.5;0.35;25.23151137115055;25.16439685850773;69.0;434;100
50;1.5;0.4;31.997285918967755;31.82939182880628;87.0;457;100
50;1.5;0.45;34.59719273220451;34.57985272778021;95.0;424;100
50;1.5;0.5;36.07440828843258;35.80986591639563;99.0;402;100
50;1.5;0.55;37.12476210693194;36.92612983015738;100.0;392;100
50;1.5;0.6;37.12196565741532;36.93608836501693;100.0;348;100
50;1.5;0.65;37.2061429954558;36.63971862156648;100.0;308;100
50;1.5;0.7;36.929392442736;37.0973298870736;100.0;300;100
50;1.5;0.75;37.30782547281976;37.15789860104781;100.0;300;100
50;1.5;0.8;37.15025058303437;37.30119426191565;100.0;300;100
50;1.5;0.85;37.5228509422248;37.20428450537037;100.0;300;100
50;1.5;0.9;37.55519557444427;37.33223752547353;100.0;300;100
50;1.5;0.95;38.0126953059752;37.1316658110521;100.0;300;100
50;1.5;1.0;38.281538943532176;38.14713121294122;100.0;300;100
50;2.0;0.15;0.0;0.0;0.0;0;100
50;2.0;0.2;0.0;0.0;0.0;0;100
50;2.0;0.25;0.0;0.0;0.0;0;100
50;2.0;0.3;4.686332455924938;4.622049597373128;14.0;115;100
50;2.0;0.35;15.638879662932816;15.133299916883896;48.0;302;100
50;2.0;0.4;29.178516715163084;28.79544241337805;90.0;479;100
50;2.0;0.45;31.912970007402684;32.33919744607609;98.0;432;100
50;2.0;0.5;31.78144532558789;32.06534000748536;99.0;399;100
50;2.0;0.55;33.36430878712078;33.00629742951449;100.0;390;100
50;2.0;0.6;33.317955353146715;33.07738909243077;100.0;350;100
50;2.0;0.65;33.33159228273503;33.676475352075606;100.0;309;100
50;2.0;0.7;34.26379029207488;33.5509148177506;100.0;300;100
50;2.0;0.75;33.70997675077463;33.1264491844157;100.0;300;100
50;2.0;0.8;33.69999350499235;33.47743574540368;100.0;300;100
50;2.0;0.85;33.48001419949375;33.95563571938107;100.0;300;100
50;2.0;0.9;33.63735088562189;33.28218386006916;100.0;300;100
50;2.0;0.95;33.95190724862776;34.17886965952999;100.0;300;100
50;2.0;1.0;34.52247770266216;34.17726134658274;100.0;299;100
50;2.5;0.15;0.0;0.0;0.0;0;100
50;2.5;0.2;0.0;0.0;0.0;0;100
50;2.5;0.25;0.5721594570362951;0.4928009361144484;2.0;14;100
50;2.5;0.3;5.420273812656186;5.503021834536563;19.0;141;100
50;2.5;0.35;16.053483915209892;16.074560449838778;56.0;327;100
50;2.5;0.4;25.431293500260608;24.66319283805424;86.0;439;100
50;2.5;0.45;27.521229640113106;26.309136117275497;92.0;409;100
50;2.5;0.5;28.664067869490804;29.199526408996302;98.0;396;100
50;2.5;0.55;29.63928022776892;29.72877378277333;100.0;379;100
50;2.5;0.6;30.093147020112163;30.26563761143897;100.0;335;100
50;2.5;0.65;29.955677945880023;30.26100567524029;100.0;304;100
50;2.5;0.7;30.08067634311955;29.69034448455451;100.0;301;100
50;2.5;0.75;30.30642488581944;30.47836772748804;100.0;300;100
50;2.5;0.8;30.62362086939455;31.14718469133041;100.0;300;100
50;2.5;0.85;30.459160016376305;30.11438627091436;100.0;300;100
50;2.5;0.9;30.58967591037468;31.040172508502064;100.0;300;100
50;2.5;0.95;30.29956482147255;30.63980681533484;100.0;300;100
50;2.5;1.0;30.970120555370872;31.19044629600567;100.0;298;100
50;3.0;0.15;0.0;0.0;0.0;0;100
50;3.0;0.2;0.0;0.0;0.0;0;100
50;3.0;0.25;0.2625008507687431;0.2314361755107618;1.0;8;100
50;3.0;0.3;2.0959194822666043;2.3110822926829027;9.0;61;100
50;3.0;0.35;11.373470270098638;11.522537579229152;44.0;263;100
50;3.0;0.4;19.337952832373887;19.88931656687236;75.0;379;100
50;3.0;0.45;23.15317181984248;23.12865472235007;89.0;389;100
50;3.0;0.5;25.65698492165826;25.60453845379764;98.0;398;100
50;3.0;0.55;26.49416938290586;26.18592856149826;99.0;374;100
50;3.0;0.6;26.88234536305036;26.80780182428679;99.0;324;100
50;3.0;0.65;26.77488749760177;27.0305380970033;100.0;306;100
50;3.0;0.7;27.10434085782743;27.3018965088458;100.0;301;100
50;3.0;0.75;27.1086343435092;27.065831042624865;100.0;300;100
50;3.0;0.8;27.99565518800581;27.16688250446463;100.0;300;100
50;3.0;0.85;27.108694290496903;27.49393981066921;100.0;300;100
50;3.0;0.9;27.907731156496936;27.329732424954045;100.0;298;100
50;3.0;0.95;27.56874204035068;28.12454022523904;100.0;298;100
50;3.0;1.0;27.73476791540196;27.9356716150854;100.0;291;100
50;3.5;0.15;0.0;0.0;0.0;0;100
50;3.5;0.2;0.0;0.0;0.0;0;100
50;3.5;0.25;0.2260636728611435;0.2766720692386332;1.0;8;100
50;3.5;0.3;2.33226666068787;2.3390508490833515;10.0;59;100
50;3.5;0.35;9.256375446829908;9.348005586028023;39.0;216;100
50;3.5;0.4;17.009609386733196;16.89495905743884;72.0;342;100
50;3.5;0.45;21.30557181381212;21.175617596047683;90.0;380;100
50;3.5;0.5;23.058841942458297;23.58087390396724;97.0;379;100
50;3.5;0.55;23.80455102922338;22.748029931068483;99.0;354;100
50;3.5;0.6;24.32462240256661;23.91990422215863;99.0;328;100
50;3.5;0.65;24.496213305984373;24.4796356719053;100.0;301;100
50;3.5;0.7;25.00835619769173;24.965072570330825;100.0;301;100
50;3.5;0.75;25.40105970327837;24.855927889723823;100.0;300;100
50;3.5;0.8;24.919934658811307;25.277687172866248;100.0;299;100
50;3.5;0.85;24.39042214710864;25.3290678560946;100.0;297;100
50;3.5;0.9;24.982153098010656;25.16134418079595;100.0;298;100
50;3.5;0.95;25.00765682487868;25.641801167889746;100.0;292;100
50;3.5;1.0;25.21741026914459;25.48386720214524;100.0;280;100
50;4.0;0.15;0.0;0.0;0.0;0;100
50;4.0;0.2;0.0;0.0;0.0;0;100
50;4.0;0.25;0.195284552854866;0.2221866990351518;1.0;6;100
50;4.0;0.3;3.3730039987914484;3.26890836461473;15.0;93;100
50;4.0;0.35;11.258967384464718;11.63562811908688;54.0;275;100
50;4.0;0.4;15.348286835158664;15.168863354467176;71.0;326;100
50;4.0;0.45;18.54284307056293;18.689201834015144;86.0;362;100
50;4.0;0.5;20.78764314164938;21.03000897328801;95.0;363;100
50;4.0;0.55;21.4791797245956;22.17156535423624;97.0;345;100
50;4.0;0.6;22.281204642694355;22.209822978963587;100.0;317;100
50;4.0;0.65;21.926152860492344;22.219679049532683;100.0;305;100
50;4.0;0.7;22.46505122239769;22.100910549636968;100.0;300;100
50;4.0;0.75;22.31376031725404;22.312627982855773;100.0;300;100
50;4.0;0.8;22.78291287570895;23.0863697771094;100.0;300;100
50;4.0;0.85;22.27538479258809;23.15963907373048;100.0;293;100
50;4.0;0.9;23.190109509479377;22.58249145911316;100.0;292;100
50;4.0;0.95;22.61550041047312;22.995617705304944;100.0;283;100
50;4.0;1.0;23.40070628473619;22.502939652538466;100.0;272;100
50;4.5;0.15;0.0;0.0;0.0;0;100
50;4.5;0.2;0.0;0.0;0.0;0;100
50;4.5;0.25;0.3304271696834734;0.3496026968828523;2.0;12;100
50;4.5;0.3;4.122520708522648;3.963578067253005;21.0;122;100
50;4.5;0.35;6.745035575099978;7.3779741486683665;36.0;177;100
50;4.5;0.4;13.084172044381091;13.197081564370125;68.0;305;100
50;4.5;0.45;17.58772106675587;17.557063286067198;89.0;359;100
50;4.5;0.5;19.34158658813737;18.616010657194977;95.0;353;100
50;4.5;0.55;19.930802058998864;19.6585227802704;98.0;324;100
50;4.5;0.6;20.351294717832907;19.95155418713761;99.0;308;100
50;4.5;0.65;20.760055126526083;20.88383451573723;100.0;302;100
50;4.5;0.7;20.706435359557155;20.622691851701145;100.0;300;100
50;4.5;0.75;20.37991680893476;20.559865470073184;100.0;298;100
50;4.5;0.8;20.54097815530707;21.791038876242297;100.0;298;100
50;4.5;0.85;20.98113379501101;20.669737990914268;100.0;295;100
50;4.5;0.9;20.73124384870465;20.673082517802925;100.0;284;100
50;4.5;0.95;21.00781449875354;20.89199097007021;100.0;275;100
50;4.5;1.0;21.184376567685053;21.355235494230467;100.0;259;100
50;5.0;0.15;0.0;0.0;0.0;0;100
50;5.0;0.2;0.0;0.0;0.0;0;100
50;5.0;0.25;1.4141002471642308;1.4011398997255735;8.0;53;100
50;5.0;0.3;3.6953877523671617;3.923728112724554;22.0;112;100
50;5.0;0.35;7.008754803992548;6.993184494589771;40.0;186;100
50;5.0;0.4;12.138189900429465;12.646238246419566;70.0;294;100
50;5.0;0.45;16.10701831511089;15.82019577471642;88.0;332;100
50;5.0;0.5;17.534068689743474;17.83740801749695;96.0;354;100
50;5.0;0.55;17.370852563257614;17.73372865721578;95.0;314;100
50;5.0;0.6;17.964874773584445;18.540068293914512;99.0;303;100
50;5.0;0.65;18.56735156543992;18.810790221850976;100.0;301;100
50;5.0;0.7;18.642239175308383;18.848399827908704;100.0;298;100
50;5.0;0.75;18.769646741096818;18.9474640193945;100.0;298;100
50;5.0;0.8;18.915940359624745;19.43332216606101;100.0;293;100
50;5.0;0.85;19.72037267027327;19.3919349624707;100.0;284;100
50;5.0;0.9;19.3092756394811;19.23641782736872;100.0;272;100
50;5.0;0.95;18.86302896879907;19.24934944240761;100.0;264;100
50;5.0;1.0;19.59506982631085;19.072786961809577;100.0;239;100
50;-0.5;0.15;0.0;0.0;0.0;0;500
50;-0.5;0.2;0.0;0.0;0.0;0;500
50;-0.5;0.25;3.364987048899785;3.276781442735623;6.0;77;500
50;-0.5;0.3;66.1582930553663;66.54347298083532;122.0;1143;500
50;-0.5;0.35;216.48209868122032;216.54831427235436;393.0;2683;500
50;-0.5;0.4;267.236892064018;265.29080593514925;485.0;2569;500
50;-0.5;0.45;272.6336230406969;272.32845576537443;498.0;2183;500
50;-0.5;0.5;273.1396236828961;273.3057539998441;500.0;2007;500
50;-0.5;0.55;272.28592047194934;271.890809775441;500.0;1994;500
50;-0.5;0.6;273.4370758758124;272.9823299157475;500.0;1814;500
50;-0.5;0.65;271.61087787947474;272.2659955721093;500.0;1541;500
50;-0.5;0.7;270.9235450941884;271.1125727900933;500.0;1502;500
50;-0.5;0.75;272.23517534345723;269.49431935406466;500.0;1500;500
50;-0.5;0.8;272.8583653792357;271.4023433690704;500.0;1500;500
50;-0.5;0.85;271.657671810761;272.1958435771048;500.0;1500;500
50;-0.5;0.9;272.0265702192207;271.03539000605446;500.0;1500;500
50;-0.5;0.95;271.9846100491051;270.1197449667411;500.0;1500;500
50;-0.5;1.0;272.30035697255624;270.42922018725744;500.0;1500;500
50;1.68;0.15;0.0;0.0;0.0;0;500
50;1.68;0.2;0.0;0.0;0.0;0;500
50;1.68;0.25;1.0734634027059455;1.0995852525073044;3.0;29;500
50;1.68;0.3;29.05235599220941;28.90240272848548;84.0;696;500
50;1.68;0.35;98.42248380624329;100.41194454693263;285.0;1802;500
50;1.68;0.4;151.88240049744306;151.77302026118073;437.0;2261;500
50;1.68;0.45;169.08380928069187;168.44701385454013;484.0;2165;500
50;1.68;0.5;173.8783120883354;174.61647439013112;499.0;2025;500
50;1.68;0.55;178.16094923348373;176.85514299749707;500.0;1966;500
50;1.68;0.6;177.76804068336057;177.3003500120897;500.0;1739;500
50;1.68;0.65;177.0465943617475;177.45642223925927;500.0;1525;500
50;1.68;0.7;177.40556623521258;178.9286155706149;500.0;1501;500
50;1.68;0.75;179.6199428367713;179.18907711652332;500.0;1500;500
50;1.68;0.8;179.37187032113243;179.06522679483462;500.0;1500;500
50;1.68;0.85;180.27060898332576;182.2026318275511;500.0;1500;500
50;1.68;0.9;180.2335628514241;179.7248587838039;500.0;1500;500
50;1.68;0.95;183.98085677965315;181.30531866316386;500.0;1499;500
50;1.68;1.0;180.61905269862564;184.1010477051411;500.0;1497;500
50;-1.68;0.15;0.0;0.0;0.0;0;500
50;-1.68;0.2;0.0;0.0;0.0;0;500
50;-1.68;0.25;2.6838957131206023;2.432278885683104;4.0;40;500
50;-1.68;0.3;51.16611400033193;51.63402477872502;79.0;661;500
50;-1.68;0.35;198.91732130492701;198.2034507817817;305.0;1969;500
50;-1.68;0.4;287.7802082596927;286.1762672013956;442.0;2294;500
50;-1.68;0.45;317.21878873074144;318.55582914754683;488.0;2174;500
50;-1.68;0.5;321.01395439372743;320.21706822568734;496.0;1997;500
50;-1.68;0.55;322.24970568983247;322.4128227035727;499.0;1949;500
50;-1.68;0.6;322.2237037243237;322.48938116692716;500.0;1766;500
50;-1.68;0.65;321.5935234138706;321.1276084926587;500.0;1537;500
50;-1.68;0.7;320.518878635322;321.64497140763814;500.0;1502;500
50;-1.68;0.75;321.705099581749;320.96271701608197;500.0;1500;500
50;-1.68;0.8;320.21386595617975;320.0807602997888;500.0;1500;500
50;-1.68;0.85;320.87312495141146;320.3559573740317;500.0;1500;500
50;-1.68;0.9;319.43754723683566;318.69180598373856;500.0;1500;500
50;-1.68;0.95;317.9903192200574;317.43984319881554;500.0;1500;500
50;-1.68;1.0;317.6553104629993;318.6724556112212;500.0;1500;500
50;3.61;0.15;0.0;0.0;0.0;0;500
50;3.61;0.2;0.2106872554630167;0.1975064903391732;1.0;7;500
50;3.61;0.25;3.1619376497812817;3.421666523982943;15.0;117;500
50;3.61;0.3;15.07172632319751;14.677225835013683;65.0;404;500
50;3.61;0.35;49.367499219829895;49.011841728310465;215.0;1164;500
50;3.61;0.4;81.74959326109689;81.26196734998176;352.0;1690;500
50;3.61;0.45;104.39999165354517;104.86959636669913;450.0;1916;500
50;3.61;0.5;108.93088220778095;109.86347100080404;468.0;1832;500
50;3.61;0.55;114.96804056743333;115.50107788708249;486.0;1747;500
50;3.61;0.6;119.74673683313787;119.52105558264614;498.0;1608;500
50;3.61;0.65;119.56026118301007;119.89021009910994;500.0;1509;500
50;3.61;0.7;120.9872628139554;119.65015470923845;499.0;1499;500
50;3.61;0.75;121.56278924653229;121.26283965063085;500.0;1498;500
50;3.61;0.8;121.66820040602636;122.98315802517861;500.0;1496;500
50;3.61;0.85;123.86536664183956;122.41371867583747;500.0;1493;500
50;3.61;0.9;123.14259804851046;123.63581163249461;500.0;1480;500
50;3.61;0.95;123.92027183431144;124.30294507806789;500.0;1460;500
50;3.61;1.0;123.1370183472907;124.42247765552871;500.0;1397;500
50;-3.61;0.15;0.0;0.0;0.0;0;500
50;-3.61;0.2;0.0;0.0;0.0;0;500
50;-3.61;0.25;9.998116996079677;10.165719909340213;13.0;97;500
50;-3.61;0.3;59.46796882596574;59.31511961451289;77.0;485;500
50;-3.61;0.35;176.06621461557373;175.44491409181026;228.0;1247;500
50;-3.61;0.4;255.7270429005944;255.7387096573567;333.0;1601;500
50;-3.61;0.45;331.6759468341664;331.5052571385284;432.0;1851;500
50;-3.61;0.5;359.2929809668108;361.3927105318958;470.0;1855;500
50;-3.61;0.55;372.71836113816704;372.9158261947814;489.0;1753;500
50;-3.61;0.6;379.017737983579;379.54381255381657;497.0;1613;500
50;-3.61;0.65;380.7226023176089;380.1615606668677;500.0;1520;500
50;-3.61;0.7;380.013965079182;379.45550363254256;500.0;1504;500
50;-3.61;0.75;376.5518492654597;380.5248237498962;500.0;1500;500
50;-3.61;0.8;377.2223957080878;378.0874393260738;500.0;1498;500
50;-3.61;0.85;377.52474078633105;375.8846020289822;500.0;1497;500
50;-3.61;0.9;375.7304131328431;377.6512038651295;500.0;1478;500
50;-3.61;0.95;376.07967472516214;377.1429747316281;500.0;1450;500
50;-3.61;1.0;375.4338885461766;375.16157269851817;500.0;1405;500
50;8.92;0.15;3.537803544749386;3.7007257651378955;38.0;209;500
50;8.92;0.2;12.665421819795927;12.525145847759713;127.0;576;500
50;8.92;0.25;25.131823682820922;24.564568436926987;243.0;1012;500
50;8.92;0.3;37.64196507281464;37.02075669304549;357.0;1279;500
50;8.92;0.35;42.94793458603891;42.09763238782321;401.0;1332;500
50;8.92;0.4;47.57463608324447;47.501022382552044;438.0;1358;500
50;8.92;0.45;50.047947584049325;50.911440422744576;466.0;1383;500
50;8.92;0.5;52.39889708375498;52.10692432827371;476.0;1363;500
50;8.92;0.55;54.33569293672799;54.20950569240363;491.0;1340;500
50;8.92;0.6;55.41589865303793;54.554884665901874;495.0;1280;500
50;8.92;0.65;55.38996166193274;55.28480394848854;499.0;1198;500
50;8.92;0.7;56.291723669314834;55.81498049852191;500.0;1160;500
50;8.92;0.75;55.66173051620502;55.824657265940814;500.0;1092;500
50;8.92;0.8;55.1808561971109;55.975465880916175;500.0;1073;500
50;8.92;0.85;56.35310915446384;56.27507624161884;500.0;1042;500
50;8.92;0.9;56.31598616840794;55.61310927428154;500.0;1022;500
50;8.92;0.95;56.623035220683995;55.74961879257931;500.0;1018;500
50;8.92;1.0;56.301998996544405;55.49706601105656;500.0;1002;500
50;-8.92;0.15;29.813874986797487;29.812748642600592;33.0;181;500
50;-8.92;0.2;117.12807666295485;116.81045666263336;130.0;597;500
50;-8.92;0.25;231.98057704218928;232.5863290451064;259.0;1068;500
50;-8.92;0.3;314.3150428112087;314.6435085148988;351.0;1252;500
50;-8.92;0.35;355.4920550687252;355.79669055720154;398.0;1322;500
50;-8.92;0.4;392.5048868721569;393.2882940597971;440.0;1367;500
50;-8.92;0.45;421.5744312104449;420.89491902155396;473.0;1422;500
50;-8.92;0.5;429.54190051611164;429.00803910789665;482.0;1374;500
50;-8.92;0.55;437.1179814090504;437.11733505079445;491.0;1337;500
50;-8.92;0.6;443.3328862392452;443.7179557719331;499.0;1303;500
50;-8.92;0.65;442.72129551423745;442.72932626311393;498.0;1209;500
50;-8.92;0.7;443.5470051918199;443.7550349756099;500.0;1138;500
50;-8.92;0.75;443.86038249532476;444.7024819086226;500.0;1101;500
50;-8.92;0.8;444.02039252765326;443.94603307307085;500.0;1076;500
50;-8.92;0.85;443.950204119262;443.95923301824587;500.0;1047;500
50;-8.92;0.9;443.4894295219183;444.10967033670215;500.0;1021;500
50;-8.92;0.95;443.9593171716235;444.125763124683;500.0;1014;500
50;-8.92;1.0;444.1622632378627;443.58153047021375;500.0;1003;500
50;0.1;0.15;0.0;0.0;0.0;0;500
50;0.1;0.2;0.0;0.0;0.0;0;500
50;0.1;0.25;0.454085899478326;0.4167847236669481;1.0;18;500
50;0.1;0.3;59.52350605442098;59.813962092058496;122.0;1119;500
50;0.1;0.35;192.9005356088306;193.55266562509593;395.0;2692;500
50;0.1;0.4;240.795816499741;242.93977988890197;493.0;2578;500
50;0.1;0.45;243.69166643544557;245.32119114680344;499.0;2181;500
50;0.1;0.5;244.32515408391754;246.85161076644945;500.0;2010;500
50;0.1;0.55;243.88116970077897;245.89619352230287;500.0;1988;500
50;0.1;0.6;245.963547669595;245.02146959291338;500.0;1797;500
50;0.1;0.65;245.49883025577049;245.24534235383777;500.0;1549;500
50;0.1;0.7;247.83475186015175;246.69018424896217;500.0;1502;500
50;0.1;0.75;245.6579430221834;243.45951566168665;500.0;1500;500
50;0.1;0.8;246.36393116210175;246.6084290963586;500.0;1500;500
50;0.1;0.85;244.603351096435;246.40325953582922;500.0;1500;500
50;0.1;0.9;244.8004296529557;245.9284290196625;500.0;1500;500
50;0.1;0.95;246.54836529602932;245.186707401999;500.0;1500;500
50;0.1;1.0;246.21127828506906;246.081241054151;500.0;1499;500
