N;confidence;eps1;eps2;consensus_x;consensus_y;consensus_probabity;simulation_time;cluster_data;simulation_count
50.0;rectangle;0.15;0.15;0.0;0.0;0.0;0.0;;1000.0
50.0;rectangle;0.15;0.2;0.0;0.0;0.0;0.0;;1000.0
50.0;rectangle;0.15;0.25;0.0;0.0;0.0;0.0;;1000.0
50.0;rectangle;0.15;0.3;0.0;0.0;0.0;0.0;;1000.0
50.0;rectangle;0.15;0.35;0.0;0.0;0.0;0.0;;1000.0
50.0;rectangle;0.15;0.4;0.0;0.0;0.0;0.0;;1000.0
50.0;rectangle;0.15;0.45;0.5066268696281492;0.5071338804821509;1.0;25.0;;1000.0
50.0;rectangle;0.15;0.5;0.5181717177275348;0.4792720764676631;1.0;21.0;;1000.0
50.0;rectangle;0.15;0.55;0.0;0.0;0.0;0.0;;1000.0
50.0;rectangle;0.2;0.2;0.4191803873642362;0.5031996350755098;1.0;22.0;;1000.0
50.0;rectangle;0.2;0.25;2.648870346470781;2.510486926831579;5.0;61.0;;1000.0
50.0;rectangle;0.2;0.3;14.696732563228252;14.819583295415235;29.0;292.0;;1000.0
50.0;rectangle;0.2;0.35;22.435952385659743;23.218026435304907;46.0;469.0;;1000.0
50.0;rectangle;0.2;0.4;27.237760537790177;28.207339312981546;56.0;636.0;;1000.0
50.0;rectangle;0.2;0.45;30.880301473693336;31.015228458178985;61.0;617.0;;1000.0
50.0;rectangle;0.2;0.5;31.352299396467693;31.92852382903729;63.0;658.0;;1000.0
50.0;rectangle;0.2;0.55;28.39291795100105;28.07571004705908;56.0;554.0;;1000.0
50.0;rectangle;0.25;0.25;56.38827909219388;56.61712285821116;114.0;1053.0;;1000.0
50.0;rectangle;0.25;0.3;160.64850014999718;161.06696655003591;322.0;2888.0;;1000.0
50.0;rectangle;0.25;0.35;213.36110559554444;212.74120913379303;428.0;3474.0;;1000.0
50.0;rectangle;0.25;0.4;232.9589549492817;232.50796501818564;467.0;3822.0;;1000.0
50.0;rectangle;0.25;0.45;241.03213445211412;240.8094698913207;480.0;3893.0;;1000.0
50.0;rectangle;0.25;0.5;220.34497872215465;219.04234938484524;440.0;3583.0;;1000.0
50.0;rectangle;0.25;0.55;228.7120490965669;228.08835475236432;456.0;3855.0;;1000.0
50.0;rectangle;0.3;0.3;338.84240368173903;337.9676944988303;681.0;4929.0;;1000.0
50.0;rectangle;0.3;0.35;435.1794955938142;434.4447500433699;869.0;5593.0;;1000.0
50.0;rectangle;0.3;0.4;445.9745067615082;442.1592722992484;889.0;5588.0;;1000.0
50.0;rectangle;0.3;0.45;434.49588607724087;436.93935380929145;871.0;5363.0;;1000.0
50.0;rectangle;0.3;0.5;445.1151847810678;442.5024212758768;891.0;5569.0;;1000.0
50.0;rectangle;0.3;0.55;445.97846856743183;450.79364703683535;896.0;5664.0;;1000.0
50.0;rectangle;0.35;0.35;485.270313112874;488.1673498852959;975.0;5224.0;;1000.0
50.0;rectangle;0.35;0.4;495.83339130883854;499.0269930673006;993.0;4936.0;;1000.0
50.0;rectangle;0.35;0.45;497.6638996205049;495.5695673762646;993.0;4795.0;;1000.0
50.0;rectangle;0.35;0.5;499.5279714366645;496.9265575186032;993.0;4761.0;;1000.0
50.0;rectangle;0.35;0.55;495.6932305448028;496.0680619582066;996.0;4785.0;;1000.0
50.0;rectangle;0.4;0.4;502.1207747241303;500.5459800177212;1000.0;4329.0;;1000.0
50.0;rectangle;0.4;0.45;498.8727400698859;499.8758664354873;999.0;4130.0;;1000.0
50.0;rectangle;0.4;0.5;499.7577281158887;501.2764454106762;1000.0;4092.0;;1000.0
50.0;rectangle;0.4;0.55;500.5727686168021;496.5213705822146;1000.0;4100.0;;1000.0
50.0;rectangle;0.45;0.45;499.35155953588566;498.0988316933196;1000.0;4008.0;;1000.0
50.0;rectangle;0.45;0.5;499.9558287543174;501.3537036237505;1000.0;3985.0;;1000.0
50.0;rectangle;0.45;0.55;501.7514085491072;499.81525656640105;1000.0;3972.0;;1000.0
50.0;rectangle;0.5;0.5;501.33114151789954;499.7492032463521;1000.0;3796.0;;1000.0
50.0;rectangle;0.5;0.55;498.7271765609856;499.4287134085648;1000.0;3537.0;;1000.0
50.0;rectangle;0.55;0.55;500.002317040289;501.5434888865744;1000.0;3113.0;;1000.0
50.0;ellipse;0.15;0.15;0.0;0.0;0.0;0.0;;1500.0
50.0;ellipse;0.15;0.2;0.0;0.0;0.0;0.0;;1500.0
50.0;ellipse;0.15;0.25;0.0;0.0;0.0;0.0;;1500.0
50.0;ellipse;0.15;0.3;0.0;0.0;0.0;0.0;;1500.0
50.0;ellipse;0.15;0.35;0.0;0.0;0.0;0.0;;1500.0
50.0;ellipse;0.15;0.4;0.0;0.0;0.0;0.0;;1500.0
50.0;ellipse;0.15;0.45;0.0;0.0;0.0;0.0;;1500.0
50.0;ellipse;0.15;0.5;0.0;0.0;0.0;0.0;;1500.0
50.0;ellipse;0.15;0.55;0.0;0.0;0.0;0.0;;1500.0
50.0;ellipse;0.2;0.2;0.0;0.0;0.0;0.0;;1500.0
50.0;ellipse;0.2;0.25;0.0;0.0;0.0;0.0;;1500.0
50.0;ellipse;0.2;0.3;1.9605169595773384;2.062646993176313;4.0;54.0;;1500.0
50.0;ellipse;0.2;0.35;5.416414615911363;5.166249119013815;11.0;124.0;;1500.0
50.0;ellipse;0.2;0.4;12.151805690157175;12.755708042723851;25.0;320.0;;1500.0
50.0;ellipse;0.2;0.45;20.956274342495792;20.779435991028336;42.0;532.0;;1500.0
50.0;ellipse;0.2;0.5;31.03209757450248;31.085929421916237;62.0;758.0;;1500.0
50.0;ellipse;0.2;0.55;32.43295498693551;32.3774259543867;65.0;749.0;;1500.0
50.0;ellipse;0.25;0.25;7.437270394687813;7.31742789389023;15.0;195.0;;1500.0
50.0;ellipse;0.25;0.3;33.60909220056548;33.909148923590465;67.0;733.0;;1500.0
50.0;ellipse;0.25;0.35;101.7302456076356;101.96442941037908;204.0;2103.0;;1500.0
50.0;ellipse;0.25;0.4;193.4483795940337;193.12894107401283;386.0;3698.0;;1500.0
50.0;ellipse;0.25;0.45;235.31675545909025;236.27602347672865;472.0;4395.0;;1500.0
50.0;ellipse;0.25;0.5;249.5686351451256;248.2785645930236;498.0;4486.0;;1500.0
50.0;ellipse;0.25;0.55;280.9664131340106;283.07370308562287;567.0;5168.0;;1500.0
50.0;ellipse;0.3;0.3;205.3326739558249;207.2078854990204;411.0;3829.0;;1500.0
50.0;ellipse;0.3;0.35;378.2099330545013;376.3840640709431;758.0;6354.0;;1500.0
50.0;ellipse;0.3;0.4;508.1122357864584;509.23649737384005;1016.0;7875.0;;1500.0
50.0;ellipse;0.3;0.45;574.2688072795064;574.0922715865825;1148.0;8266.0;;1500.0
50.0;ellipse;0.3;0.5;592.4153822368826;592.3793939794336;1187.0;8515.0;;1500.0
50.0;ellipse;0.3;0.55;612.7655141921772;611.068471847766;1226.0;8628.0;;1500.0
50.0;ellipse;0.35;0.35;596.5271256200496;598.0625959434718;1200.0;8165.0;;1500.0
50.0;ellipse;0.35;0.4;703.1117565979089;701.3448761360718;1404.0;8454.0;;1500.0
50.0;ellipse;0.35;0.45;718.8627247602197;718.6997759692559;1438.0;8159.0;;1500.0
50.0;ellipse;0.35;0.5;730.9105188710383;727.8788001817525;1459.0;8089.0;;1500.0
50.0;ellipse;0.35;0.55;733.9140672608787;732.7849518280347;1468.0;7975.0;;1500.0
50.0;ellipse;0.4;0.4;737.2895853398362;736.6821211696766;1474.0;7793.0;;1500.0
50.0;ellipse;0.4;0.45;749.7763368286563;748.072931013876;1494.0;7288.0;;1500.0
50.0;ellipse;0.4;0.5;747.4989636741386;748.2707053956816;1497.0;6972.0;;1500.0
50.0;ellipse;0.4;0.55;747.8820250305337;749.2935152585911;1496.0;6724.0;;1500.0
50.0;ellipse;0.45;0.45;746.7716741405752;750.7464918523373;1500.0;6558.0;;1500.0
50.0;ellipse;0.45;0.5;748.7835432246326;747.5016249413753;1499.0;6200.0;;1500.0
50.0;ellipse;0.45;0.55;749.2403594981705;751.8636912990097;1500.0;6091.0;;1500.0
50.0;ellipse;0.5;0.5;749.5246369239426;749.0097285104468;1500.0;6028.0;;1500.0
50.0;ellipse;0.5;0.55;751.1907982384206;749.207277892778;1500.0;5997.0;;1500.0
50.0;ellipse;0.55;0.55;746.4062933851902;749.0703069900761;1500.0;5956.0;;1500.0
50.0;rectangle;0.15;0.6;0.0;0.0;0.0;0.0;;900.0
50.0;rectangle;0.15;0.65;0.0;0.0;0.0;0.0;;900.0
50.0;rectangle;0.15;0.7;0.4772836578727829;0.4992878063623714;1.0;13.0;;900.0
50.0;rectangle;0.15;0.75;0.0;0.0;0.0;0.0;;900.0
50.0;rectangle;0.15;0.8;0.0;0.0;0.0;0.0;;900.0
50.0;rectangle;0.15;0.85;0.0;0.0;0.0;0.0;;900.0
50.0;rectangle;0.15;0.9;0.5314890147997965;0.5385172147615658;1.0;12.0;;900.0
50.0;rectangle;0.15;0.95;0.0;0.0;0.0;0.0;;900.0
50.0;rectangle;0.15;1.0;0.4543379934365482;0.5093892806079369;1.0;14.0;;900.0
50.0;rectangle;0.2;0.15;0.0;0.0;0.0;0.0;;900.0
50.0;rectangle;0.2;0.6;29.99689245720357;30.28703790384061;61.0;584.0;;900.0
50.0;rectangle;0.2;0.65;28.4496677394744;28.69195314492169;57.0;571.0;;900.0
50.0;rectangle;0.2;0.7;36.969495911403015;37.3191789353446;74.0;721.0;;900.0
50.0;rectangle;0.2;0.75;32.15989626836505;31.43677191086348;63.0;610.0;;900.0
50.0;rectangle;0.2;0.8;26.63039752027564;27.4692024426796;54.0;552.0;;900.0
50.0;rectangle;0.2;0.85;26.88242999938776;27.77111919018974;55.0;594.0;;900.0
50.0;rectangle;0.2;0.9;24.844714861179213;24.16613134484783;49.0;481.0;;900.0
50.0;rectangle;0.2;0.95;22.919635808481814;22.340378104717992;45.0;422.0;;900.0
50.0;rectangle;0.2;1.0;31.8941385125238;31.904604448359816;64.0;643.0;;900.0
50.0;rectangle;0.25;0.15;0.0;0.0;0.0;0.0;;900.0
50.0;rectangle;0.25;0.2;5.722427305501284;5.671444261280206;11.0;134.0;;900.0
50.0;rectangle;0.25;0.6;217.52912901989143;216.61985049858205;429.0;3596.0;;900.0
50.0;rectangle;0.25;0.65;197.86825781316503;198.2647096915416;396.0;3190.0;;900.0
50.0;rectangle;0.25;0.7;213.1613316547433;213.93899506582824;426.0;3392.0;;900.0
50.0;rectangle;0.25;0.75;202.4400592369072;202.1890117665304;404.0;3261.0;;900.0
50.0;rectangle;0.25;0.8;219.73940784345285;219.64235622861065;440.0;3529.0;;900.0
50.0;rectangle;0.25;0.85;196.5096387546779;197.197279078496;393.0;3166.0;;900.0
50.0;rectangle;0.25;0.9;223.0373040269089;223.21326746727496;446.0;3676.0;;900.0
50.0;rectangle;0.25;0.95;208.2862484780601;208.2365099150049;417.0;3339.0;;900.0
50.0;rectangle;0.25;1.0;198.4673593072247;197.6866152254744;395.0;3299.0;;900.0
50.0;rectangle;0.3;0.15;0.0;0.0;0.0;0.0;;900.0
50.0;rectangle;0.3;0.2;8.44286048917855;8.523635179113212;17.0;173.0;;900.0
50.0;rectangle;0.3;0.25;150.9690995172848;150.7610235803914;303.0;2589.0;;900.0
50.0;rectangle;0.3;0.6;398.4631139554375;397.8192302040408;796.0;4948.0;;900.0
50.0;rectangle;0.3;0.65;394.211041223076;395.0301888491525;789.0;4961.0;;900.0
50.0;rectangle;0.3;0.7;412.02777257451953;408.1760443300171;821.0;4926.0;;900.0
50.0;rectangle;0.3;0.75;402.2491041323945;404.8660977704292;808.0;5004.0;;900.0
50.0;rectangle;0.3;0.8;396.63724400932153;399.4497037842133;796.0;5055.0;;900.0
50.0;rectangle;0.3;0.85;395.67070396641446;395.1104597524968;788.0;4937.0;;900.0
50.0;rectangle;0.3;0.9;399.5656178951162;398.1147794637506;796.0;4908.0;;900.0
50.0;rectangle;0.3;0.95;393.7866477898086;395.7598341961463;791.0;4877.0;;900.0
50.0;rectangle;0.3;1.0;398.01425966577136;397.2362690874157;795.0;4846.0;;900.0
50.0;rectangle;0.35;0.15;0.0;0.0;0.0;0.0;;900.0
50.0;rectangle;0.35;0.2;20.186784167745863;20.088454300641686;41.0;426.0;;900.0
50.0;rectangle;0.35;0.25;199.2459137979027;198.61789269921184;396.0;3288.0;;900.0
50.0;rectangle;0.35;0.3;382.4966082950686;381.9265072094228;761.0;4937.0;;900.0
50.0;rectangle;0.35;0.6;447.885825403385;446.96285968286014;896.0;4220.0;;900.0
50.0;rectangle;0.35;0.65;443.8527720267954;446.52084493710896;894.0;4297.0;;900.0
50.0;rectangle;0.35;0.7;447.4697153686731;448.8376900134154;894.0;4272.0;;900.0
50.0;rectangle;0.35;0.75;446.6961647004416;446.8632599731806;894.0;4169.0;;900.0
50.0;rectangle;0.35;0.8;446.1082302452297;445.220622667225;891.0;4228.0;;900.0
50.0;rectangle;0.35;0.85;443.4250066762151;445.2654680493442;889.0;4198.0;;900.0
50.0;rectangle;0.35;0.9;442.84344652913927;444.5886006372788;890.0;4239.0;;900.0
50.0;rectangle;0.35;0.95;448.99615305202354;445.9880724351054;895.0;4205.0;;900.0
50.0;rectangle;0.35;1.0;448.7658399159291;448.48053116965497;898.0;4192.0;;900.0
50.0;rectangle;0.4;0.15;1.0916867504020038;0.9140312904892948;2.0;41.0;;900.0
50.0;rectangle;0.4;0.2;32.149018991346274;31.1157366589785;62.0;653.0;;900.0
50.0;rectangle;0.4;0.25;214.07776252570605;213.48207744813556;428.0;3603.0;;900.0
50.0;rectangle;0.4;0.3;402.0807869007559;401.4359439217975;804.0;5056.0;;900.0
50.0;rectangle;0.4;0.35;443.90897011325154;443.7010671933697;889.0;4401.0;;900.0
50.0;rectangle;0.4;0.6;448.3129873942905;449.2139257473232;900.0;3679.0;;900.0
50.0;rectangle;0.4;0.65;449.089420144951;449.210807008731;900.0;3686.0;;900.0
50.0;rectangle;0.4;0.7;450.0719487163239;447.4064541604042;900.0;3685.0;;900.0
50.0;rectangle;0.4;0.75;452.4083874066244;452.4306456490851;900.0;3685.0;;900.0
50.0;rectangle;0.4;0.8;449.1278096725496;452.66954096835474;900.0;3670.0;;900.0
50.0;rectangle;0.4;0.85;449.12106913168833;449.98981474414313;900.0;3654.0;;900.0
50.0;rectangle;0.4;0.9;448.5025510413713;451.8202443762944;900.0;3673.0;;900.0
50.0;rectangle;0.4;0.95;449.4700580724616;449.6727087422268;900.0;3667.0;;900.0
50.0;rectangle;0.4;1.0;450.47980488032135;450.6163731126875;900.0;3669.0;;900.0
50.0;rectangle;0.45;0.15;0.0;0.0;0.0;0.0;;900.0
50.0;rectangle;0.45;0.2;28.67794916357492;28.58723843497457;57.0;563.0;;900.0
50.0;rectangle;0.45;0.25;219.70110093775875;221.43367406267615;439.0;3517.0;;900.0
50.0;rectangle;0.45;0.3;402.45914307950017;400.8032696333869;806.0;5039.0;;900.0
50.0;rectangle;0.45;0.35;447.04794541757855;447.89153886362806;897.0;4321.0;;900.0
50.0;rectangle;0.45;0.4;450.88362994895664;450.8786260123102;900.0;3723.0;;900.0
50.0;rectangle;0.45;0.6;450.7819256413131;449.06449050374937;900.0;3558.0;;900.0
50.0;rectangle;0.45;0.65;450.61414020949184;449.9936060043443;900.0;3566.0;;900.0
50.0;rectangle;0.45;0.7;450.1679165794904;450.7209950659711;900.0;3573.0;;900.0
50.0;rectangle;0.45;0.75;450.5194244217742;450.3449429223815;900.0;3575.0;;900.0
50.0;rectangle;0.45;0.8;450.40433746006033;448.28659961069326;900.0;3558.0;;900.0
50.0;rectangle;0.45;0.85;451.1242928424445;450.0714338835069;900.0;3566.0;;900.0
50.0;rectangle;0.45;0.9;448.9969567345648;451.5895528652346;900.0;3556.0;;900.0
50.0;rectangle;0.45;0.95;449.1472640413386;450.4249534962442;900.0;3553.0;;900.0
50.0;rectangle;0.45;1.0;450.55475302288175;448.5188297683124;900.0;3553.0;;900.0
50.0;rectangle;0.5;0.15;0.0;0.0;0.0;0.0;;900.0
50.0;rectangle;0.5;0.2;25.2699805741477;25.456528668159123;51.0;537.0;;900.0
50.0;rectangle;0.5;0.25;218.8291032398383;221.116798190906;437.0;3515.0;;900.0
50.0;rectangle;0.5;0.3;401.5320364092981;399.8705512939925;807.0;4994.0;;900.0
50.0;rectangle;0.5;0.35;448.6187451428169;444.17501512575694;893.0;4281.0;;900.0
50.0;rectangle;0.5;0.4;451.1589849088301;450.19333535930485;900.0;3683.0;;900.0
50.0;rectangle;0.5;0.45;448.16873041700256;447.5883718118816;900.0;3589.0;;900.0
50.0;rectangle;0.5;0.6;450.6992206593694;450.9652883914284;900.0;3150.0;;900.0
50.0;rectangle;0.5;0.65;449.3180761927057;449.5834356550184;900.0;3137.0;;900.0
50.0;rectangle;0.5;0.7;450.077904933753;449.0872105942236;900.0;3107.0;;900.0
50.0;rectangle;0.5;0.75;449.8368245087345;448.82844013724457;900.0;3069.0;;900.0
50.0;rectangle;0.5;0.8;449.0543775838235;450.5973328497623;900.0;3067.0;;900.0
50.0;rectangle;0.5;0.85;450.497401105948;447.8459100095772;900.0;3044.0;;900.0
50.0;rectangle;0.5;0.9;448.8696033363997;449.8827584823677;900.0;3044.0;;900.0
50.0;rectangle;0.5;0.95;451.0867282008188;449.6629035992628;900.0;3040.0;;900.0
50.0;rectangle;0.5;1.0;449.3880013479297;450.0186221102612;900.0;3031.0;;900.0
50.0;rectangle;0.55;0.15;0.0;0.0;0.0;0.0;;900.0
50.0;rectangle;0.55;0.2;28.342904864978525;28.463681693418405;57.0;566.0;;900.0
50.0;rectangle;0.55;0.25;211.1118894095872;213.7836256346466;425.0;3456.0;;900.0
50.0;rectangle;0.55;0.3;399.5244770760847;397.46622807754767;797.0;4858.0;;900.0
50.0;rectangle;0.55;0.35;448.0130163968614;450.410782627346;897.0;4265.0;;900.0
50.0;rectangle;0.55;0.4;449.8895592413799;449.48349341507;900.0;3685.0;;900.0
50.0;rectangle;0.55;0.45;448.8812319603815;449.3737360542764;900.0;3578.0;;900.0
50.0;rectangle;0.55;0.5;450.9107515690171;450.7605553460912;900.0;3212.0;;900.0
50.0;rectangle;0.55;0.6;452.0917023603196;448.5980306096519;900.0;2754.0;;900.0
50.0;rectangle;0.55;0.65;451.1672943715588;448.6044349099281;900.0;2740.0;;900.0
50.0;rectangle;0.55;0.7;447.5764641476142;450.61207584003085;900.0;2735.0;;900.0
50.0;rectangle;0.55;0.75;452.0008631730237;450.9827541204248;900.0;2726.0;;900.0
50.0;rectangle;0.55;0.8;449.9683630329663;449.733816294096;900.0;2723.0;;900.0
50.0;rectangle;0.55;0.85;451.975169819492;449.77062880811457;900.0;2719.0;;900.0
50.0;rectangle;0.55;0.9;448.8900156483386;449.7127312747478;900.0;2719.0;;900.0
50.0;rectangle;0.55;0.95;450.2555600139581;451.3112343249455;900.0;2713.0;;900.0
50.0;rectangle;0.55;1.0;450.47637177285895;448.8712281828806;900.0;2708.0;;900.0
50.0;rectangle;0.6;0.15;0.0;0.0;0.0;0.0;;900.0
50.0;rectangle;0.6;0.2;36.1787427447094;36.07380136252067;72.0;736.0;;900.0
50.0;rectangle;0.6;0.25;216.93569118052665;215.48925745699748;432.0;3477.0;;900.0
50.0;rectangle;0.6;0.3;406.0555508494649;404.4775581008522;812.0;5025.0;;900.0
50.0;rectangle;0.6;0.35;446.77122369729824;446.2373015374603;891.0;4234.0;;900.0
50.0;rectangle;0.6;0.4;450.4966255280534;450.3440572331972;900.0;3678.0;;900.0
50.0;rectangle;0.6;0.45;449.3577952162672;451.1123024238287;900.0;3575.0;;900.0
50.0;rectangle;0.6;0.5;447.8450350361667;448.85863070165016;900.0;3120.0;;900.0
50.0;rectangle;0.6;0.55;448.9103196721611;446.5154962927419;900.0;2753.0;;900.0
50.0;rectangle;0.6;0.6;450.1628582162698;448.7919526024898;900.0;2705.0;;900.0
50.0;rectangle;0.6;0.65;450.2064157258653;448.7296224019575;900.0;2700.0;;900.0
50.0;rectangle;0.6;0.7;449.8780593786818;448.8906519583285;900.0;2700.0;;900.0
50.0;rectangle;0.6;0.75;448.88783048840594;450.7339839957528;900.0;2701.0;;900.0
50.0;rectangle;0.6;0.8;450.080610428679;450.0509607088325;900.0;2700.0;;900.0
50.0;rectangle;0.6;0.85;449.58664071678567;448.9083505265764;900.0;2700.0;;900.0
50.0;rectangle;0.6;0.9;451.63658448377214;450.0397460956537;900.0;2700.0;;900.0
50.0;rectangle;0.6;0.95;450.8303213943967;446.8743605730063;900.0;2700.0;;900.0
50.0;rectangle;0.6;1.0;449.44789151775785;449.5969027385846;900.0;2700.0;;900.0
50.0;rectangle;0.65;0.15;0.0;0.0;0.0;0.0;;900.0
50.0;rectangle;0.65;0.2;27.90126215644737;28.340941250354486;57.0;554.0;;900.0
50.0;rectangle;0.65;0.25;206.4276251978032;205.54385610326287;412.0;3393.0;;900.0
50.0;rectangle;0.65;0.3;403.4464799382963;404.0003796752999;807.0;5029.0;;900.0
50.0;rectangle;0.65;0.35;447.196210529208;446.9635603668804;895.0;4252.0;;900.0
50.0;rectangle;0.65;0.4;449.3899898054258;447.70003137077856;899.0;3671.0;;900.0
50.0;rectangle;0.65;0.45;450.92629034416575;452.0799532675901;900.0;3571.0;;900.0
50.0;rectangle;0.65;0.5;450.8333430804993;449.91203866525547;900.0;3091.0;;900.0
50.0;rectangle;0.65;0.55;449.7864616305364;448.7334994130459;900.0;2741.0;;900.0
50.0;rectangle;0.65;0.6;449.5104953398487;449.3712309805653;900.0;2701.0;;900.0
50.0;rectangle;0.65;0.65;452.4499572052905;447.88991074364793;900.0;2700.0;;900.0
50.0;rectangle;0.65;0.7;446.8293788551729;449.8810898184976;900.0;2700.0;;900.0
50.0;rectangle;0.65;0.75;450.3719353951009;449.3197403028823;900.0;2700.0;;900.0
50.0;rectangle;0.65;0.8;449.8444830047685;449.9843532478831;900.0;2700.0;;900.0
50.0;rectangle;0.65;0.85;448.7901955089032;451.1263546515777;900.0;2700.0;;900.0
50.0;rectangle;0.65;0.9;449.9062403224536;449.78026144165335;900.0;2700.0;;900.0
50.0;rectangle;0.65;0.95;447.7794733421349;449.9047441854398;900.0;2700.0;;900.0
50.0;rectangle;0.65;1.0;448.63465786642905;449.9467842629344;900.0;2700.0;;900.0
50.0;rectangle;0.7;0.15;0.0;0.0;0.0;0.0;;900.0
50.0;rectangle;0.7;0.2;33.03523150400915;33.291118531754776;67.0;673.0;;900.0
50.0;rectangle;0.7;0.25;208.68199727514695;208.6826751357935;417.0;3369.0;;900.0
50.0;rectangle;0.7;0.3;394.5192373040755;393.8173754216376;788.0;4876.0;;900.0
50.0;rectangle;0.7;0.35;447.2635317188968;446.8344388734344;894.0;4184.0;;900.0
50.0;rectangle;0.7;0.4;449.28273967836657;450.82605397188;900.0;3687.0;;900.0
50.0;rectangle;0.7;0.45;449.4289689109141;451.20084245647496;900.0;3578.0;;900.0
50.0;rectangle;0.7;0.5;450.0802628673374;450.2783597995005;900.0;3093.0;;900.0
50.0;rectangle;0.7;0.55;448.2015713968309;450.196676286244;900.0;2730.0;;900.0
50.0;rectangle;0.7;0.6;449.1581001183333;450.9843572932805;900.0;2700.0;;900.0
50.0;rectangle;0.7;0.65;449.485968037343;451.7730493243465;900.0;2700.0;;900.0
50.0;rectangle;0.7;0.7;451.6062612180349;451.4199668168419;900.0;2700.0;;900.0
50.0;rectangle;0.7;0.75;448.9034814207279;450.4454333725669;900.0;2700.0;;900.0
50.0;rectangle;0.7;0.8;450.1838924192671;450.0000099673628;900.0;2700.0;;900.0
50.0;rectangle;0.7;0.85;449.5679288569028;448.9597916144566;900.0;2700.0;;900.0
50.0;rectangle;0.7;0.9;450.696583624636;450.4822401489994;900.0;2700.0;;900.0
50.0;rectangle;0.7;0.95;447.9298886615602;449.76809343170254;900.0;2700.0;;900.0
50.0;rectangle;0.7;1.0;450.6881029204575;450.6237545917152;900.0;2700.0;;900.0
50.0;rectangle;0.75;0.15;0.0;0.0;0.0;0.0;;900.0
50.0;rectangle;0.75;0.2;25.682926552786803;25.16668501467856;51.0;489.0;;900.0
50.0;rectangle;0.75;0.25;192.2404621792805;191.4255654958837;384.0;3182.0;;900.0
50.0;rectangle;0.75;0.3;391.9463539251447;394.69194281550057;785.0;4853.0;;900.0
50.0;rectangle;0.75;0.35;447.0179558407026;449.3677867446481;895.0;4270.0;;900.0
50.0;rectangle;0.75;0.4;450.3060729995645;449.9349432761381;900.0;3670.0;;900.0
50.0;rectangle;0.75;0.45;449.245761965205;450.87280806605;900.0;3564.0;;900.0
50.0;rectangle;0.75;0.5;447.7706308871541;451.1260986800697;900.0;3063.0;;900.0
50.0;rectangle;0.75;0.55;448.9454258857039;447.9081126426367;900.0;2716.0;;900.0
50.0;rectangle;0.75;0.6;451.419346406002;449.44594410876914;900.0;2700.0;;900.0
50.0;rectangle;0.75;0.65;452.4661488862261;453.0369076925989;900.0;2700.0;;900.0
50.0;rectangle;0.75;0.7;448.6616248675141;449.5656413965848;900.0;2700.0;;900.0
50.0;rectangle;0.75;0.75;448.584195521168;449.06846376313234;900.0;2700.0;;900.0
50.0;rectangle;0.75;0.8;449.30221055449385;448.5318044749829;900.0;2700.0;;900.0
50.0;rectangle;0.75;0.85;449.8914749228487;450.0277798307832;900.0;2700.0;;900.0
50.0;rectangle;0.75;0.9;447.1355986784653;449.7047567918452;900.0;2700.0;;900.0
50.0;rectangle;0.75;0.95;451.64986908534814;450.19805339354633;900.0;2700.0;;900.0
50.0;rectangle;0.75;1.0;449.6055304016054;450.3606687591295;900.0;2700.0;;900.0
50.0;rectangle;0.8;0.15;0.0;0.0;0.0;0.0;;900.0
50.0;rectangle;0.8;0.2;26.61404079340288;27.11923756730797;54.0;524.0;;900.0
50.0;rectangle;0.8;0.25;212.6365621698;213.63285294375945;426.0;3452.0;;900.0
50.0;rectangle;0.8;0.3;400.67536113855823;398.1902151139509;800.0;4962.0;;900.0
50.0;rectangle;0.8;0.35;449.0952383997732;449.81622390252846;897.0;4234.0;;900.0
50.0;rectangle;0.8;0.4;449.2280904985584;450.0316392386928;900.0;3662.0;;900.0
50.0;rectangle;0.8;0.45;450.1628890545179;451.84050479182935;900.0;3566.0;;900.0
50.0;rectangle;0.8;0.5;452.3846444631491;447.36865474987184;900.0;3030.0;;900.0
50.0;rectangle;0.8;0.55;449.47552177097634;450.39473620940817;900.0;2721.0;;900.0
50.0;rectangle;0.8;0.6;452.0180254644883;449.8366901412688;900.0;2700.0;;900.0
50.0;rectangle;0.8;0.65;450.95694765111614;450.35043023739024;900.0;2700.0;;900.0
50.0;rectangle;0.8;0.7;451.049890813117;449.958497773461;900.0;2700.0;;900.0
50.0;rectangle;0.8;0.75;450.68125806964656;449.178085587633;900.0;2700.0;;900.0
50.0;rectangle;0.8;0.8;448.6609118602752;449.6643405177104;900.0;2700.0;;900.0
50.0;rectangle;0.8;0.85;451.1947865102426;450.6201795520645;900.0;2700.0;;900.0
50.0;rectangle;0.8;0.9;448.79590482176445;448.94300151463887;900.0;2700.0;;900.0
50.0;rectangle;0.8;0.95;451.3059947735109;449.5837774951655;900.0;2700.0;;900.0
50.0;rectangle;0.8;1.0;449.5818171013324;449.8827086309777;900.0;2700.0;;900.0
50.0;rectangle;0.85;0.15;0.0;0.0;0.0;0.0;;900.0
50.0;rectangle;0.85;0.2;32.04187722110454;31.9708298478828;64.0;601.0;;900.0
50.0;rectangle;0.85;0.25;214.47179258391355;212.2793768617716;425.0;3328.0;;900.0
50.0;rectangle;0.85;0.3;400.48859844981416;402.5601746522664;801.0;4980.0;;900.0
50.0;rectangle;0.85;0.35;448.14290564759;451.4229223100684;898.0;4223.0;;900.0
50.0;rectangle;0.85;0.4;451.99937820600223;453.4795734906821;900.0;3668.0;;900.0
50.0;rectangle;0.85;0.45;453.012464025346;450.8233110222329;900.0;3566.0;;900.0
50.0;rectangle;0.85;0.5;450.1182506528315;450.03782874262015;900.0;3051.0;;900.0
50.0;rectangle;0.85;0.55;450.3877544240429;449.4752172427822;900.0;2718.0;;900.0
50.0;rectangle;0.85;0.6;450.03710731386695;447.7433584539596;900.0;2700.0;;900.0
50.0;rectangle;0.85;0.65;450.74651366448575;449.1945551503137;900.0;2700.0;;900.0
50.0;rectangle;0.85;0.7;450.43622200382106;449.6323092967792;900.0;2700.0;;900.0
50.0;rectangle;0.85;0.75;450.2844154120787;451.2629795542044;900.0;2700.0;;900.0
50.0;rectangle;0.85;0.8;447.0671140976914;449.2637411503005;900.0;2700.0;;900.0
50.0;rectangle;0.85;0.85;448.7034316627374;447.6928767065138;900.0;2700.0;;900.0
50.0;rectangle;0.85;0.9;451.16280820817775;450.0831449352541;900.0;2700.0;;900.0
50.0;rectangle;0.85;0.95;448.31279895681;448.8076659750601;900.0;2699.0;;900.0
50.0;rectangle;0.85;1.0;450.2164355385887;451.1910641970151;900.0;2697.0;;900.0
50.0;rectangle;0.9;0.15;0.5330979527908076;0.5559675033357411;1.0;12.0;;900.0
50.0;rectangle;0.9;0.2;35.720412297903785;35.98150633599706;71.0;737.0;;900.0
50.0;rectangle;0.9;0.25;206.8974049538344;205.32145218333443;413.0;3291.0;;900.0
50.0;rectangle;0.9;0.3;401.3078925470582;400.0998205864755;801.0;4931.0;;900.0
50.0;rectangle;0.9;0.35;448.32346158481545;447.4478840311728;896.0;4194.0;;900.0
50.0;rectangle;0.9;0.4;447.6934487422977;446.35189612093984;899.0;3667.0;;900.0
50.0;rectangle;0.9;0.45;450.8837370189621;451.4729446045472;900.0;3553.0;;900.0
50.0;rectangle;0.9;0.5;448.88959851399625;451.4800539169055;900.0;3073.0;;900.0
50.0;rectangle;0.9;0.55;448.9578759181436;451.9857313314874;900.0;2719.0;;900.0
50.0;rectangle;0.9;0.6;448.9790547959711;448.2866166249393;900.0;2700.0;;900.0
50.0;rectangle;0.9;0.65;449.7171844860935;448.7555131665503;900.0;2700.0;;900.0
50.0;rectangle;0.9;0.7;448.76883574808966;450.3947619603538;900.0;2700.0;;900.0
50.0;rectangle;0.9;0.75;449.1992770889741;447.4687087596674;900.0;2700.0;;900.0
50.0;rectangle;0.9;0.8;450.1279249555645;447.479559716598;900.0;2700.0;;900.0
50.0;rectangle;0.9;0.85;449.0100319456184;447.74991540355984;900.0;2700.0;;900.0
50.0;rectangle;0.9;0.9;453.1035559561415;452.4392758123154;900.0;2698.0;;900.0
50.0;rectangle;0.9;0.95;450.0447455879451;448.2054654719973;900.0;2695.0;;900.0
50.0;rectangle;0.9;1.0;450.8996609088787;449.2816853920368;900.0;2673.0;;900.0
50.0;rectangle;0.95;0.15;0.0;0.0;0.0;0.0;;900.0
50.0;rectangle;0.95;0.2;29.811239551011443;29.20283021036329;59.0;599.0;;900.0
50.0;rectangle;0.95;0.25;212.6468720306281;214.55478155990852;426.0;3383.0;;900.0
50.0;rectangle;0.95;0.3;402.9967064209913;403.3293854190763;805.0;4921.0;;900.0
50.0;rectangle;0.95;0.35;448.4601638708234;450.31449197868255;897.0;4170.0;;900.0
50.0;rectangle;0.95;0.4;449.3604607317454;451.9923711816051;900.0;3666.0;;900.0
50.0;rectangle;0.95;0.45;451.0865611440032;451.8083460822156;900.0;3554.0;;900.0
50.0;rectangle;0.95;0.5;451.1696529194897;448.882590178252;900.0;3062.0;;900.0
50.0;rectangle;0.95;0.55;450.9711092831221;451.3174406652344;900.0;2721.0;;900.0
50.0;rectangle;0.95;0.6;450.7618115616949;450.4146491153944;900.0;2700.0;;900.0
50.0;rectangle;0.95;0.65;449.5852050083451;451.1125363159401;900.0;2700.0;;900.0
50.0;rectangle;0.95;0.7;449.7977456141359;448.9114137051966;900.0;2700.0;;900.0
50.0;rectangle;0.95;0.75;450.0734071845192;450.28663044125045;900.0;2700.0;;900.0
50.0;rectangle;0.95;0.8;451.00133560878;449.4345952619887;900.0;2699.0;;900.0
50.0;rectangle;0.95;0.85;451.0021350360164;449.06761217745367;900.0;2696.0;;900.0
50.0;rectangle;0.95;0.9;451.6274491280556;450.7197089523498;900.0;2692.0;;900.0
50.0;rectangle;0.95;0.95;449.6169601029573;450.4541204316713;900.0;2629.0;;900.0
50.0;rectangle;0.95;1.0;449.9582309573485;449.0746697112538;900.0;2443.0;;900.0
50.0;rectangle;1.0;0.15;0.0;0.0;0.0;0.0;;900.0
50.0;rectangle;1.0;0.2;28.355500881981666;27.82219421308894;56.0;582.0;;900.0
50.0;rectangle;1.0;0.25;209.75034634619436;210.37168240543775;419.0;3257.0;;900.0
50.0;rectangle;1.0;0.3;400.66403210156494;402.0491340635379;802.0;4894.0;;900.0
50.0;rectangle;1.0;0.35;449.6680857770897;448.3079620062683;896.0;4186.0;;900.0
50.0;rectangle;1.0;0.4;448.4889698727881;450.34487936675777;900.0;3657.0;;900.0
50.0;rectangle;1.0;0.45;449.52258148571207;451.2084146949385;900.0;3558.0;;900.0
50.0;rectangle;1.0;0.5;451.3740953299572;449.05462673837854;900.0;3036.0;;900.0
50.0;rectangle;1.0;0.55;449.5123111577169;449.054985130005;900.0;2714.0;;900.0
50.0;rectangle;1.0;0.6;448.798031345264;448.8307833324578;900.0;2700.0;;900.0
50.0;rectangle;1.0;0.65;450.8915985690278;451.39125646165263;900.0;2700.0;;900.0
50.0;rectangle;1.0;0.7;449.5581167359264;449.76427259917193;900.0;2700.0;;900.0
50.0;rectangle;1.0;0.75;448.22325524403766;449.2981003060874;900.0;2700.0;;900.0
50.0;rectangle;1.0;0.8;450.9548941711408;451.1002628644726;900.0;2700.0;;900.0
50.0;rectangle;1.0;0.85;448.28040533487126;450.8662641233946;900.0;2700.0;;900.0
50.0;rectangle;1.0;0.9;449.3077647248108;449.3507067314736;900.0;2665.0;;900.0
50.0;rectangle;1.0;0.95;450.9120486146276;449.2694487749229;900.0;2457.0;;900.0
50.0;rectangle;1.0;1.0;450.75809427891136;450.2404381589044;900.0;1800.0;;900.0
50.0;ellipse;0.15;0.6;0.0;0.0;0.0;0.0;;900.0
50.0;ellipse;0.15;0.65;0.0;0.0;0.0;0.0;;900.0
50.0;ellipse;0.15;0.7;0.0;0.0;0.0;0.0;;900.0
50.0;ellipse;0.15;0.75;0.0;0.0;0.0;0.0;;900.0
50.0;ellipse;0.15;0.8;0.3817734886936349;0.512275178713816;1.0;12.0;;900.0
50.0;ellipse;0.15;0.85;0.5478776446440808;0.4969097985805359;1.0;10.0;;900.0
50.0;ellipse;0.15;0.9;0.0;0.0;0.0;0.0;;900.0
50.0;ellipse;0.15;0.95;0.0;0.0;0.0;0.0;;900.0
50.0;ellipse;0.15;1.0;0.0;0.0;0.0;0.0;;900.0
50.0;ellipse;0.2;0.15;0.0;0.0;0.0;0.0;;900.0
50.0;ellipse;0.2;0.6;17.286898722338567;17.65479456997918;35.0;394.0;;900.0
50.0;ellipse;0.2;0.65;23.32078111988895;22.90507814925651;46.0;463.0;;900.0
50.0;ellipse;0.2;0.7;16.64997240884194;16.563490559583286;33.0;341.0;;900.0
50.0;ellipse;0.2;0.75;22.82606388481964;22.605813064994678;45.0;508.0;;900.0
50.0;ellipse;0.2;0.8;25.93984060597724;26.40000095631965;52.0;522.0;;900.0
50.0;ellipse;0.2;0.85;25.69455441690162;26.593869968253;53.0;593.0;;900.0
50.0;ellipse;0.2;0.9;32.678900150109165;32.43435332601038;65.0;682.0;;900.0
50.0;ellipse;0.2;0.95;22.53168631496742;21.34688641715828;44.0;442.0;;900.0
50.0;ellipse;0.2;1.0;24.19114320815723;23.032823865273503;47.0;486.0;;900.0
50.0;ellipse;0.25;0.15;0.0;0.0;0.0;0.0;;900.0
50.0;ellipse;0.25;0.2;0.0;0.0;0.0;0.0;;900.0
50.0;ellipse;0.25;0.6;174.74842416993496;176.34572332983203;354.0;3061.0;;900.0
50.0;ellipse;0.25;0.65;177.6767300343173;177.51863685903618;354.0;3082.0;;900.0
50.0;ellipse;0.25;0.7;190.4836008113586;188.721722550942;378.0;3300.0;;900.0
50.0;ellipse;0.25;0.75;189.4644345288364;185.80421382975123;375.0;3163.0;;900.0
50.0;ellipse;0.25;0.8;199.4416693607157;197.7459689022802;400.0;3438.0;;900.0
50.0;ellipse;0.25;0.85;191.10281668179303;190.19898730316055;380.0;3126.0;;900.0
50.0;ellipse;0.25;0.9;186.0072997773761;184.50581513242045;370.0;3188.0;;900.0
50.0;ellipse;0.25;0.95;197.25588947403807;197.0277682652043;393.0;3263.0;;900.0
50.0;ellipse;0.25;1.0;186.91291535222052;184.50373413419908;371.0;3256.0;;900.0
50.0;ellipse;0.3;0.15;0.0;0.0;0.0;0.0;;900.0
50.0;ellipse;0.3;0.2;0.92325325646261;0.978611142571181;2.0;28.0;;900.0
50.0;ellipse;0.3;0.25;26.87019185018707;26.921558385842506;53.0;596.0;;900.0
50.0;ellipse;0.3;0.6;380.0381498972838;380.09466510550544;760.0;5110.0;;900.0
50.0;ellipse;0.3;0.65;369.5217735778435;369.0025919389242;740.0;5078.0;;900.0
50.0;ellipse;0.3;0.7;383.9713091716376;384.47212356585794;773.0;5209.0;;900.0
50.0;ellipse;0.3;0.75;381.7226309540095;379.9968560136344;763.0;5191.0;;900.0
50.0;ellipse;0.3;0.8;380.66918626329647;380.6403079705887;763.0;5010.0;;900.0
50.0;ellipse;0.3;0.85;385.0197949320397;387.26456554029966;772.0;5093.0;;900.0
50.0;ellipse;0.3;0.9;382.259581226552;383.3942189009312;765.0;4980.0;;900.0
50.0;ellipse;0.3;0.95;386.57403155006347;386.240092364948;770.0;5077.0;;900.0
50.0;ellipse;0.3;1.0;392.8717362753588;393.0651536075328;783.0;5028.0;;900.0
50.0;ellipse;0.35;0.15;0.0;0.0;0.0;0.0;;900.0
50.0;ellipse;0.35;0.2;2.950302643853415;2.9926845304441434;6.0;81.0;;900.0
50.0;ellipse;0.35;0.25;65.60810604102632;66.57256331342919;132.0;1391.0;;900.0
50.0;ellipse;0.35;0.3;221.0455207007873;221.2876864679669;442.0;3679.0;;900.0
50.0;ellipse;0.35;0.6;442.0938045700372;439.95896451365337;886.0;4686.0;;900.0
50.0;ellipse;0.35;0.65;441.7729259513625;443.1127167590119;885.0;4673.0;;900.0
50.0;ellipse;0.35;0.7;438.6591229740114;439.9872665249622;879.0;4513.0;;900.0
50.0;ellipse;0.35;0.75;445.0511180332865;444.6313695770225;886.0;4541.0;;900.0
50.0;ellipse;0.35;0.8;445.816754342728;446.5045761103789;894.0;4543.0;;900.0
50.0;ellipse;0.35;0.85;444.2969634215886;444.7088607335899;890.0;4514.0;;900.0
50.0;ellipse;0.35;0.9;444.497615115057;444.1664132571141;888.0;4454.0;;900.0
50.0;ellipse;0.35;0.95;443.1200624839688;445.9969530692484;891.0;4522.0;;900.0
50.0;ellipse;0.35;1.0;448.0229867311447;445.3290518938717;894.0;4479.0;;900.0
50.0;ellipse;0.4;0.15;0.0;0.0;0.0;0.0;;900.0
50.0;ellipse;0.4;0.2;10.234859275627322;10.373785315970814;21.0;252.0;;900.0
50.0;ellipse;0.4;0.25;105.64409428835036;106.76271857943954;212.0;2120.0;;900.0
50.0;ellipse;0.4;0.3;308.75786435903194;308.0894378425664;617.0;4772.0;;900.0
50.0;ellipse;0.4;0.35;412.4029157773111;412.6071091564132;826.0;5033.0;;900.0
50.0;ellipse;0.4;0.6;450.4582899207076;450.2268820705267;899.0;3969.0;;900.0
50.0;ellipse;0.4;0.65;450.5403631388064;447.6173933360845;900.0;3871.0;;900.0
50.0;ellipse;0.4;0.7;448.9558266039356;448.96921094921146;899.0;3821.0;;900.0
50.0;ellipse;0.4;0.75;450.1397909497844;449.4702596797623;900.0;3798.0;;900.0
50.0;ellipse;0.4;0.8;450.3514511775962;448.6167449220428;900.0;3812.0;;900.0
50.0;ellipse;0.4;0.85;452.24228615383896;448.15918378878325;900.0;3757.0;;900.0
50.0;ellipse;0.4;0.9;451.8677240084901;448.5412218743626;900.0;3784.0;;900.0
50.0;ellipse;0.4;0.95;448.9929099157364;449.33645679167694;899.0;3758.0;;900.0
50.0;ellipse;0.4;1.0;448.3484560633256;451.0675087012133;899.0;3719.0;;900.0
50.0;ellipse;0.45;0.15;0.0;0.0;0.0;0.0;;900.0
50.0;ellipse;0.45;0.2;9.34549820132524;9.437199717319936;19.0;215.0;;900.0
50.0;ellipse;0.45;0.25;140.10619813406635;140.4193629170484;280.0;2631.0;;900.0
50.0;ellipse;0.45;0.3;322.7430531258646;324.31832598654614;648.0;4757.0;;900.0
50.0;ellipse;0.45;0.35;433.3146480202621;432.3202902887514;865.0;4916.0;;900.0
50.0;ellipse;0.45;0.4;447.5570798841836;449.9471693045469;896.0;4371.0;;900.0
50.0;ellipse;0.45;0.6;447.4695504743016;451.1280663390046;900.0;3621.0;;900.0
50.0;ellipse;0.45;0.65;449.04873500168526;448.3820229240605;900.0;3625.0;;900.0
50.0;ellipse;0.45;0.7;448.79644918857525;451.8667140528582;900.0;3623.0;;900.0
50.0;ellipse;0.45;0.75;448.67456832364905;448.98429316686185;900.0;3611.0;;900.0
50.0;ellipse;0.45;0.8;448.8921951757661;449.5299071618752;900.0;3614.0;;900.0
50.0;ellipse;0.45;0.85;450.7746002726004;451.3798689178617;900.0;3605.0;;900.0
50.0;ellipse;0.45;0.9;450.18923157396745;450.86492904721;900.0;3606.0;;900.0
50.0;ellipse;0.45;0.95;450.7485492738835;449.0538321526572;900.0;3603.0;;900.0
50.0;ellipse;0.45;1.0;449.3161560209965;450.2606339294046;900.0;3607.0;;900.0
50.0;ellipse;0.5;0.15;0.0;0.0;0.0;0.0;;900.0
50.0;ellipse;0.5;0.2;12.904962737624752;12.813243120453029;25.0;322.0;;900.0
50.0;ellipse;0.5;0.25;154.75552717349845;154.88015172869254;311.0;2827.0;;900.0
50.0;ellipse;0.5;0.3;354.9491473831769;352.9042499389168;703.0;5060.0;;900.0
50.0;ellipse;0.5;0.35;439.34923304557645;435.3175802393648;875.0;4856.0;;900.0
50.0;ellipse;0.5;0.4;447.99248148456974;448.4727803865506;898.0;4194.0;;900.0
50.0;ellipse;0.5;0.45;449.08414641253074;447.1355108457646;899.0;3714.0;;900.0
50.0;ellipse;0.5;0.6;450.61448821635895;448.40167136694646;900.0;3592.0;;900.0
50.0;ellipse;0.5;0.65;450.5663160565776;452.06367535669045;900.0;3566.0;;900.0
50.0;ellipse;0.5;0.7;450.5029949544005;448.96929417884127;900.0;3559.0;;900.0
50.0;ellipse;0.5;0.75;449.18334275535176;449.24063647088377;900.0;3516.0;;900.0
50.0;ellipse;0.5;0.8;448.2309205764045;449.21108961960255;900.0;3489.0;;900.0
50.0;ellipse;0.5;0.85;451.1002117123024;448.74032205050446;900.0;3476.0;;900.0
50.0;ellipse;0.5;0.9;452.47647343713567;450.9350556058992;900.0;3434.0;;900.0
50.0;ellipse;0.5;0.95;450.5978710191165;450.0170344262265;900.0;3436.0;;900.0
50.0;ellipse;0.5;1.0;449.3347587333296;450.65244395169583;900.0;3374.0;;900.0
50.0;ellipse;0.55;0.15;0.0;0.0;0.0;0.0;;900.0
50.0;ellipse;0.55;0.2;17.188738860469076;17.288405866145833;34.0;423.0;;900.0
50.0;ellipse;0.55;0.25;165.44383682787603;165.7657341127895;330.0;2865.0;;900.0
50.0;ellipse;0.55;0.3;365.0518931174945;364.2034861682397;732.0;5097.0;;900.0
50.0;ellipse;0.55;0.35;439.4340986581274;440.097657070107;879.0;4750.0;;900.0
50.0;ellipse;0.55;0.4;450.96492616263055;447.5664864680139;900.0;4019.0;;900.0
50.0;ellipse;0.55;0.45;448.96168870618897;452.3457781610913;900.0;3651.0;;900.0
50.0;ellipse;0.55;0.5;450.2042712895004;449.85629616667154;900.0;3600.0;;900.0
50.0;ellipse;0.55;0.6;449.4526033485802;448.50867281025256;900.0;3497.0;;900.0
50.0;ellipse;0.55;0.65;449.9222669588009;452.0909646595268;900.0;3372.0;;900.0
50.0;ellipse;0.55;0.7;448.8411496338084;449.88229474310856;900.0;3190.0;;900.0
50.0;ellipse;0.55;0.75;447.3655988232218;451.5586230767251;900.0;3105.0;;900.0
50.0;ellipse;0.55;0.8;447.4839940500039;449.6847623521111;900.0;2995.0;;900.0
50.0;ellipse;0.55;0.85;450.9921038835074;449.61203258226806;900.0;2950.0;;900.0
50.0;ellipse;0.55;0.9;453.0823389668264;450.2160802428999;900.0;2903.0;;900.0
50.0;ellipse;0.55;0.95;449.5412117115759;448.8333263343309;900.0;2846.0;;900.0
50.0;ellipse;0.55;1.0;453.2804331983206;449.0212845652287;900.0;2845.0;;900.0
50.0;ellipse;0.6;0.15;0.4326192641332045;0.6162824965255034;1.0;13.0;;900.0
50.0;ellipse;0.6;0.2;18.64793093250435;18.37347582900164;37.0;378.0;;900.0
50.0;ellipse;0.6;0.25;186.6964565952628;186.8274265619484;372.0;3315.0;;900.0
50.0;ellipse;0.6;0.3;370.4152424431932;371.68029337344;743.0;5066.0;;900.0
50.0;ellipse;0.6;0.35;439.4651079070918;441.0843085298821;883.0;4733.0;;900.0
50.0;ellipse;0.6;0.4;450.2677379445208;452.28157761312;899.0;3938.0;;900.0
50.0;ellipse;0.6;0.45;448.0175027758469;451.6959646828897;900.0;3636.0;;900.0
50.0;ellipse;0.6;0.5;450.06827981791486;449.91282539459314;900.0;3592.0;;900.0
50.0;ellipse;0.6;0.55;450.4993272664768;448.9435851764082;900.0;3498.0;;900.0
50.0;ellipse;0.6;0.6;449.4186724515988;450.0497741657113;900.0;3215.0;;900.0
50.0;ellipse;0.6;0.65;450.0810902917618;450.8178546883968;900.0;2958.0;;900.0
50.0;ellipse;0.6;0.7;450.0547979462659;451.58912944954255;900.0;2845.0;;900.0
50.0;ellipse;0.6;0.75;452.2141844065491;450.6458317594395;900.0;2755.0;;900.0
50.0;ellipse;0.6;0.8;451.6185826044376;450.2399345171099;900.0;2727.0;;900.0
50.0;ellipse;0.6;0.85;447.6096665173723;451.0510836038615;900.0;2717.0;;900.0
50.0;ellipse;0.6;0.9;450.06098821211856;448.3752774766048;900.0;2708.0;;900.0
50.0;ellipse;0.6;0.95;451.1873668227537;450.7639052653171;900.0;2706.0;;900.0
50.0;ellipse;0.6;1.0;449.9496098580044;449.6236852439519;900.0;2704.0;;900.0
50.0;ellipse;0.65;0.15;0.0;0.0;0.0;0.0;;900.0
50.0;ellipse;0.65;0.2;24.15968318289345;23.36912709964866;47.0;493.0;;900.0
50.0;ellipse;0.65;0.25;188.78884649079453;191.23511537600564;379.0;3275.0;;900.0
50.0;ellipse;0.65;0.3;378.152426244283;377.5277473723341;757.0;5157.0;;900.0
50.0;ellipse;0.65;0.35;442.5811469283556;441.2844487223924;888.0;4647.0;;900.0
50.0;ellipse;0.65;0.4;448.6362188945893;450.7614807343388;897.0;3866.0;;900.0
50.0;ellipse;0.65;0.45;449.2896848475922;450.0392468160366;900.0;3622.0;;900.0
50.0;ellipse;0.65;0.5;448.7047013159296;449.40408677148486;900.0;3574.0;;900.0
50.0;ellipse;0.65;0.55;448.83614281685306;450.1093763879149;900.0;3371.0;;900.0
50.0;ellipse;0.65;0.6;452.0134572292321;451.4606815326183;900.0;2972.0;;900.0
50.0;ellipse;0.65;0.65;449.422450360394;450.6889269730629;900.0;2774.0;;900.0
50.0;ellipse;0.65;0.7;451.9274529273191;451.0054310256231;900.0;2711.0;;900.0
50.0;ellipse;0.65;0.75;451.54496073931085;448.70089170362206;900.0;2700.0;;900.0
50.0;ellipse;0.65;0.8;450.0346503102599;451.3893922449727;900.0;2703.0;;900.0
50.0;ellipse;0.65;0.85;450.428593197872;449.66605185796647;900.0;2700.0;;900.0
50.0;ellipse;0.65;0.9;449.44628453811407;450.32158265987664;900.0;2700.0;;900.0
50.0;ellipse;0.65;0.95;452.7481150174792;448.3583441580399;900.0;2700.0;;900.0
50.0;ellipse;0.65;1.0;449.3960197065203;450.8008591999777;900.0;2700.0;;900.0
50.0;ellipse;0.7;0.15;0.5100538422279469;0.39940365174201;1.0;11.0;;900.0
50.0;ellipse;0.7;0.2;24.559866281665634;24.81468329797586;49.0;498.0;;900.0
50.0;ellipse;0.7;0.25;171.12833701654588;172.34183025517538;341.0;2985.0;;900.0
50.0;ellipse;0.7;0.3;370.1495043540119;367.9815825558572;738.0;4953.0;;900.0
50.0;ellipse;0.7;0.35;438.4891932558966;442.2374491108036;880.0;4595.0;;900.0
50.0;ellipse;0.7;0.4;449.6617821534685;450.5135449433542;899.0;3829.0;;900.0
50.0;ellipse;0.7;0.45;449.08723213461633;450.40762442468906;900.0;3617.0;;900.0
50.0;ellipse;0.7;0.5;450.76075418047816;448.26732028856753;900.0;3562.0;;900.0
50.0;ellipse;0.7;0.55;448.9553910209457;450.4350862247641;900.0;3210.0;;900.0
50.0;ellipse;0.7;0.6;446.94740798265394;449.3575334517695;900.0;2817.0;;900.0
50.0;ellipse;0.7;0.65;447.81671575842313;449.8598972013571;900.0;2717.0;;900.0
50.0;ellipse;0.7;0.7;450.3139955811624;451.660064749858;900.0;2702.0;;900.0
50.0;ellipse;0.7;0.75;450.12754953944506;451.2149569334378;900.0;2700.0;;900.0
50.0;ellipse;0.7;0.8;448.36197988379615;449.2446433014489;900.0;2700.0;;900.0
50.0;ellipse;0.7;0.85;452.0084854832729;449.03049395663504;900.0;2700.0;;900.0
50.0;ellipse;0.7;0.9;449.7293396994937;450.6381920557325;900.0;2700.0;;900.0
50.0;ellipse;0.7;0.95;449.92711679853744;451.01441256402535;900.0;2700.0;;900.0
50.0;ellipse;0.7;1.0;450.2916093363693;448.3456138979099;900.0;2700.0;;900.0
50.0;ellipse;0.75;0.15;0.0;0.0;0.0;0.0;;900.0
50.0;ellipse;0.75;0.2;22.841753326910517;22.79101764005202;46.0;513.0;;900.0
50.0;ellipse;0.75;0.25;185.7488848505016;184.49759199011976;372.0;3098.0;;900.0
50.0;ellipse;0.75;0.3;376.3830608029588;379.1643666876594;754.0;4972.0;;900.0
50.0;ellipse;0.75;0.35;447.28335419966464;448.9301520943977;892.0;4594.0;;900.0
50.0;ellipse;0.75;0.4;450.0481659182927;451.9306005919767;900.0;3790.0;;900.0
50.0;ellipse;0.75;0.45;449.3845575768223;452.0933223153244;900.0;3611.0;;900.0
50.0;ellipse;0.75;0.5;449.4899278022679;447.70648855878426;900.0;3541.0;;900.0
50.0;ellipse;0.75;0.55;452.3562088896077;450.3619492367989;900.0;3088.0;;900.0
50.0;ellipse;0.75;0.6;449.664592198622;449.9215703303231;900.0;2753.0;;900.0
50.0;ellipse;0.75;0.65;449.7074335731433;448.09052095373335;900.0;2702.0;;900.0
50.0;ellipse;0.75;0.7;449.6728319875012;450.5412053337789;900.0;2700.0;;900.0
50.0;ellipse;0.75;0.75;450.716068853184;451.1786411942537;900.0;2700.0;;900.0
50.0;ellipse;0.75;0.8;451.45898960992633;448.62064420071465;900.0;2700.0;;900.0
50.0;ellipse;0.75;0.85;448.26209212628777;450.4014223330721;900.0;2700.0;;900.0
50.0;ellipse;0.75;0.9;451.4612119505339;449.3204855455573;900.0;2700.0;;900.0
50.0;ellipse;0.75;0.95;451.84327670252014;450.32253791724895;900.0;2700.0;;900.0
50.0;ellipse;0.75;1.0;451.1304520443791;449.5951866321868;900.0;2700.0;;900.0
50.0;ellipse;0.8;0.15;0.0;0.0;0.0;0.0;;900.0
50.0;ellipse;0.8;0.2;23.477943148705396;23.514767061468845;47.0;493.0;;900.0
50.0;ellipse;0.8;0.25;176.0305414413565;174.174877388094;350.0;2963.0;;900.0
50.0;ellipse;0.8;0.3;395.8919890525909;398.5284252667595;793.0;5245.0;;900.0
50.0;ellipse;0.8;0.35;447.6739373946728;447.3552173716161;893.0;4634.0;;900.0
50.0;ellipse;0.8;0.4;448.2492999288356;449.5807045502579;900.0;3792.0;;900.0
50.0;ellipse;0.8;0.45;449.9486966024448;447.5891849675511;900.0;3616.0;;900.0
50.0;ellipse;0.8;0.5;451.59904391790445;451.85533499551474;900.0;3500.0;;900.0
50.0;ellipse;0.8;0.55;449.6182110268135;450.8372756632785;900.0;2998.0;;900.0
50.0;ellipse;0.8;0.6;450.7519263718506;451.4817359140933;900.0;2722.0;;900.0
50.0;ellipse;0.8;0.65;449.5769104657044;450.5669918202519;900.0;2700.0;;900.0
50.0;ellipse;0.8;0.7;449.749327564051;449.7205115180529;900.0;2700.0;;900.0
50.0;ellipse;0.8;0.75;451.8570035460647;450.99500079589694;900.0;2700.0;;900.0
50.0;ellipse;0.8;0.8;449.3860296987072;447.62423000836753;900.0;2700.0;;900.0
50.0;ellipse;0.8;0.85;446.4690807138895;449.1226530376823;900.0;2700.0;;900.0
50.0;ellipse;0.8;0.9;451.44433290585937;448.4982358894568;900.0;2700.0;;900.0
50.0;ellipse;0.8;0.95;446.77418132148176;449.59658457294574;900.0;2700.0;;900.0
50.0;ellipse;0.8;1.0;450.40828914254746;450.1420582450157;900.0;2700.0;;900.0
50.0;ellipse;0.85;0.15;0.0;0.0;0.0;0.0;;900.0
50.0;ellipse;0.85;0.2;30.214561496116584;29.55671315733609;59.0;636.0;;900.0
50.0;ellipse;0.85;0.25;193.2856994921142;196.0659026642098;391.0;3345.0;;900.0
50.0;ellipse;0.85;0.3;390.6195632784305;388.5018637319968;779.0;5148.0;;900.0
50.0;ellipse;0.85;0.35;446.0138448148834;443.031922488448;889.0;4481.0;;900.0
50.0;ellipse;0.85;0.4;450.9125803591176;451.8885226380287;899.0;3775.0;;900.0
50.0;ellipse;0.85;0.45;448.5878487655246;448.4624074809592;900.0;3610.0;;900.0
50.0;ellipse;0.85;0.5;450.4937292758386;451.4157436674039;900.0;3468.0;;900.0
50.0;ellipse;0.85;0.55;449.94291617830856;450.8659466067608;900.0;2958.0;;900.0
50.0;ellipse;0.85;0.6;450.9876625573659;451.6900620544823;900.0;2714.0;;900.0
50.0;ellipse;0.85;0.65;449.5985914819248;450.5331768129912;900.0;2700.0;;900.0
50.0;ellipse;0.85;0.7;450.4685502313162;448.89356203084776;900.0;2700.0;;900.0
50.0;ellipse;0.85;0.75;449.393924267327;447.886956073088;900.0;2700.0;;900.0
50.0;ellipse;0.85;0.8;446.8002722721586;449.04629439564906;900.0;2700.0;;900.0
50.0;ellipse;0.85;0.85;450.55936308373686;448.46156001435867;900.0;2700.0;;900.0
50.0;ellipse;0.85;0.9;450.3493718704273;452.2965644836414;900.0;2700.0;;900.0
50.0;ellipse;0.85;0.95;448.1259952954355;449.0782046001744;900.0;2700.0;;900.0
50.0;ellipse;0.85;1.0;448.0121104769564;448.908267736928;900.0;2700.0;;900.0
50.0;ellipse;0.9;0.15;0.0;0.0;0.0;0.0;;900.0
50.0;ellipse;0.9;0.2;22.695162204347323;22.524838596034154;46.0;476.0;;900.0
50.0;ellipse;0.9;0.25;186.3851536339936;185.6569472882916;373.0;3074.0;;900.0
50.0;ellipse;0.9;0.3;387.90352087848527;388.6024477607402;777.0;5129.0;;900.0
50.0;ellipse;0.9;0.35;445.9626688995229;446.9880668669026;892.0;4468.0;;900.0
50.0;ellipse;0.9;0.4;450.6177185884381;449.50348434809047;900.0;3766.0;;900.0
50.0;ellipse;0.9;0.45;450.4110079063788;448.9174103758993;900.0;3601.0;;900.0
50.0;ellipse;0.9;0.5;450.959104384482;448.9720847848086;900.0;3443.0;;900.0
50.0;ellipse;0.9;0.55;449.744244942116;451.3352757606255;900.0;2929.0;;900.0
50.0;ellipse;0.9;0.6;448.7199367177217;449.87933753290855;900.0;2711.0;;900.0
50.0;ellipse;0.9;0.65;449.7347822723079;447.5663489826012;900.0;2701.0;;900.0
50.0;ellipse;0.9;0.7;447.9786953790256;450.4155173341988;900.0;2700.0;;900.0
50.0;ellipse;0.9;0.75;450.19836665152;449.5084192067527;900.0;2700.0;;900.0
50.0;ellipse;0.9;0.8;447.9946640182691;449.494476241632;900.0;2700.0;;900.0
50.0;ellipse;0.9;0.85;451.4717867603856;450.444765321162;900.0;2700.0;;900.0
50.0;ellipse;0.9;0.9;451.99974992515047;451.2733224344244;900.0;2700.0;;900.0
50.0;ellipse;0.9;0.95;449.7646967540631;447.6946819346286;900.0;2700.0;;900.0
50.0;ellipse;0.9;1.0;449.48192468022177;451.7253726733469;900.0;2700.0;;900.0
50.0;ellipse;0.95;0.15;0.0;0.0;0.0;0.0;;900.0
50.0;ellipse;0.95;0.2;31.27037149180625;32.114434480076724;63.0;650.0;;900.0
50.0;ellipse;0.95;0.25;177.98201027306814;179.03023506974185;358.0;2824.0;;900.0
50.0;ellipse;0.95;0.3;390.19384838842575;390.3061010991223;781.0;5038.0;;900.0
50.0;ellipse;0.95;0.35;447.2155268664605;446.4771541887495;895.0;4450.0;;900.0
50.0;ellipse;0.95;0.4;450.6787699091797;452.1675728776904;900.0;3747.0;;900.0
50.0;ellipse;0.95;0.45;449.7488856995754;451.8169384379662;900.0;3598.0;;900.0
50.0;ellipse;0.95;0.5;450.9248931431917;451.180187471972;900.0;3419.0;;900.0
50.0;ellipse;0.95;0.55;452.0695336782068;450.4591260968296;900.0;2865.0;;900.0
50.0;ellipse;0.95;0.6;448.9398933050399;448.1364441811037;900.0;2712.0;;900.0
50.0;ellipse;0.95;0.65;448.15471700000944;449.11293885714673;900.0;2700.0;;900.0
50.0;ellipse;0.95;0.7;452.867928035558;449.4271797200442;900.0;2700.0;;900.0
50.0;ellipse;0.95;0.75;450.59619785643673;449.82690388034297;900.0;2700.0;;900.0
50.0;ellipse;0.95;0.8;450.0397776611376;448.7246994498481;900.0;2700.0;;900.0
50.0;ellipse;0.95;0.85;450.7053591645236;451.34533507086553;900.0;2700.0;;900.0
50.0;ellipse;0.95;0.9;451.7495106319092;449.7172538787437;900.0;2700.0;;900.0
50.0;ellipse;0.95;0.95;448.908832653756;450.9655678608448;900.0;2700.0;;900.0
50.0;ellipse;0.95;1.0;451.74285703714935;450.750441900886;900.0;2700.0;;900.0
50.0;ellipse;1.0;0.15;0.0;0.0;0.0;0.0;;900.0
50.0;ellipse;1.0;0.2;27.62106676283425;27.85016992234082;55.0;574.0;;900.0
50.0;ellipse;1.0;0.25;190.54884926163984;191.25797682267117;383.0;3138.0;;900.0
50.0;ellipse;1.0;0.3;396.77167255098567;393.918944018314;789.0;5118.0;;900.0
50.0;ellipse;1.0;0.35;445.806681911972;444.82403733214;890.0;4417.0;;900.0
50.0;ellipse;1.0;0.4;449.9472148499517;450.7270738508876;900.0;3742.0;;900.0
50.0;ellipse;1.0;0.45;450.36391870688107;446.86535650617685;900.0;3599.0;;900.0
50.0;ellipse;1.0;0.5;451.7851908519632;451.0777027521858;900.0;3394.0;;900.0
50.0;ellipse;1.0;0.55;452.4448523257389;449.6308778931708;900.0;2825.0;;900.0
50.0;ellipse;1.0;0.6;448.3390030898955;450.59795052024447;900.0;2705.0;;900.0
50.0;ellipse;1.0;0.65;450.4054049816858;450.5769064295295;900.0;2700.0;;900.0
50.0;ellipse;1.0;0.7;452.1456686636104;447.7868891992965;900.0;2700.0;;900.0
50.0;ellipse;1.0;0.75;448.3558891065255;449.56554318229337;900.0;2700.0;;900.0
50.0;ellipse;1.0;0.8;449.3481618251061;450.0007754624718;900.0;2700.0;;900.0
50.0;ellipse;1.0;0.85;449.9860684341358;450.8990451429852;900.0;2700.0;;900.0
50.0;ellipse;1.0;0.9;449.9524494476742;450.14557557642274;900.0;2700.0;;900.0
50.0;ellipse;1.0;0.95;451.19716270111934;448.8744036425389;900.0;2700.0;;900.0
50.0;ellipse;1.0;1.0;447.8361292003297;449.7472545629232;900.0;2700.0;;900.0
50.0;rectangle;0.070711;0.707107;0.0;0.0;0.0;0.0;;600.0
50.0;rectangle;0.091326;0.547487;0.0;0.0;0.0;0.0;;600.0
50.0;rectangle;0.117953;0.423899;0.0;0.0;0.0;0.0;;600.0
50.0;rectangle;0.152342;0.32821;0.0;0.0;0.0;0.0;;600.0
50.0;rectangle;0.196757;0.254121;2.5854393335335106;2.4978754816373434;5.0;59.0;;600.0
50.0;rectangle;0.254121;0.196757;2.0783672282043715;1.9676882471172037;4.0;53.0;;600.0
50.0;rectangle;0.32821;0.152342;0.0;0.0;0.0;0.0;;600.0
50.0;rectangle;0.423899;0.117953;0.0;0.0;0.0;0.0;;600.0
50.0;rectangle;0.547487;0.091326;0.0;0.0;0.0;0.0;;600.0
50.0;rectangle;0.707107;0.070711;0.0;0.0;0.0;0.0;;600.0
50.0;rectangle;0.1;1.0;0.0;0.0;0.0;0.0;;600.0
50.0;rectangle;0.129155;0.774264;0.0;0.0;0.0;0.0;;600.0
50.0;rectangle;0.16681;0.599484;0.9765386584453186;1.0555414203047153;2.0;17.0;;600.0
50.0;rectangle;0.215443;0.464159;42.10982478075801;42.69125514138229;86.0;799.0;;600.0
50.0;rectangle;0.278256;0.359381;221.84102851695988;223.4392688085909;444.0;3196.0;;600.0
50.0;rectangle;0.359381;0.278256;220.91962010528093;217.23602178624589;440.0;3193.0;;600.0
50.0;rectangle;0.464159;0.215443;48.77977443984121;48.63233572345465;98.0;987.0;;600.0
50.0;rectangle;0.599484;0.16681;2.459442342128217;2.4601221660690435;5.0;55.0;;600.0
50.0;rectangle;0.774264;0.129155;0.0;0.0;0.0;0.0;;600.0
50.0;rectangle;1.0;0.1;0.0;0.0;0.0;0.0;;600.0
50.0;rectangle;0.122474;1.224745;0.0;0.0;0.0;0.0;;600.0
50.0;rectangle;0.158182;0.948275;0.0;0.0;0.0;0.0;;600.0
50.0;rectangle;0.2043;0.734215;24.542384278446423;24.099044429390773;49.0;435.0;;600.0
50.0;rectangle;0.263863;0.568476;189.5289251142483;192.06558167254892;383.0;3009.0;;600.0
50.0;rectangle;0.340793;0.44015;297.57180611802045;299.0870633473618;597.0;3053.0;;600.0
50.0;rectangle;0.44015;0.340793;297.667202114583;296.66209538356014;593.0;2979.0;;600.0
50.0;rectangle;0.568476;0.263863;195.04256979626936;194.334229221199;388.0;3026.0;;600.0
50.0;rectangle;0.734215;0.2043;26.664230761688163;27.005512061630924;53.0;513.0;;600.0
50.0;rectangle;0.948275;0.158182;1.883948231332974;2.0955271699374642;4.0;44.0;;600.0
50.0;rectangle;1.224745;0.122474;0.0;0.0;0.0;0.0;;600.0
50.0;rectangle;0.141421;1.414214;0.0;0.0;0.0;0.0;;600.0
50.0;rectangle;0.182653;1.094974;6.397314127474939;6.3658551534079475;13.0;151.0;;600.0
50.0;rectangle;0.235905;0.847799;100.25484478669458;100.03400837986288;200.0;1734.0;;600.0
50.0;rectangle;0.304683;0.65642;277.0399727064988;277.0222972704234;554.0;3329.0;;600.0
50.0;rectangle;0.393513;0.508242;300.31791623196347;298.1576004822212;599.0;2475.0;;600.0
50.0;rectangle;0.508242;0.393513;299.707984876462;302.38845278156845;600.0;2476.0;;600.0
50.0;rectangle;0.65642;0.304683;270.0908516868077;272.39764697720585;540.0;3268.0;;600.0
50.0;rectangle;0.847799;0.235905;94.35435406346006;93.74772121347803;188.0;1531.0;;600.0
50.0;rectangle;1.094974;0.182653;5.461415302588625;5.733896338182611;11.0;126.0;;600.0
50.0;rectangle;1.414214;0.141421;0.0;0.0;0.0;0.0;;600.0
50.0;rectangle;0.158114;1.581139;0.4868794771695246;0.46352492325228595;1.0;20.0;;600.0
50.0;rectangle;0.204212;1.224218;27.636651735959575;27.24821677940695;54.0;477.0;;600.0
50.0;rectangle;0.26375;0.947868;193.99807396443603;194.0006470314825;388.0;2927.0;;600.0
50.0;rectangle;0.340646;0.7339;298.48239380381193;295.40922154061076;593.0;2915.0;;600.0
50.0;rectangle;0.439961;0.568232;300.9932556347421;298.8871199745797;600.0;2398.0;;600.0
50.0;rectangle;0.568232;0.439961;301.62998057054176;298.53070247739157;600.0;2395.0;;600.0
50.0;rectangle;0.7339;0.340646;297.53804065452687;298.1144351346671;596.0;2977.0;;600.0
50.0;rectangle;0.947868;0.26375;183.0675554208468;184.26410348211192;367.0;2793.0;;600.0
50.0;rectangle;1.224218;0.204212;31.192204194172646;30.957949364066618;63.0;586.0;;600.0
50.0;rectangle;1.581139;0.158114;0.0;0.0;0.0;0.0;;600.0
50.0;ellipse;0.079788;0.797885;0.0;0.0;0.0;0.0;;600.0
50.0;ellipse;0.103051;0.617773;0.0;0.0;0.0;0.0;;600.0
50.0;ellipse;0.133095;0.478319;0.0;0.0;0.0;0.0;;600.0
50.0;ellipse;0.171899;0.370345;0.0;0.0;0.0;0.0;;600.0
50.0;ellipse;0.222016;0.286745;2.9935601206972984;2.8982161391144747;6.0;62.0;;600.0
50.0;ellipse;0.286745;0.222016;0.5063283420568205;0.5210770302124426;1.0;16.0;;600.0
50.0;ellipse;0.370345;0.171899;0.5299781150676112;0.46953033979445913;1.0;14.0;;600.0
50.0;ellipse;0.478319;0.133095;0.0;0.0;0.0;0.0;;600.0
50.0;ellipse;0.617773;0.103051;0.0;0.0;0.0;0.0;;600.0
50.0;ellipse;0.797885;0.079788;0.0;0.0;0.0;0.0;;600.0
50.0;ellipse;0.112838;1.128379;0.0;0.0;0.0;0.0;;600.0
50.0;ellipse;0.145736;0.873663;0.0;0.0;0.0;0.0;;600.0
50.0;ellipse;0.188225;0.676446;3.182008523610129;3.5433171098168565;7.0;95.0;;600.0
50.0;ellipse;0.243102;0.523747;79.29640964654617;78.50594918241188;157.0;1451.0;;600.0
50.0;ellipse;0.313978;0.405518;235.96475991546683;237.82530495885155;475.0;3411.0;;600.0
50.0;ellipse;0.405518;0.313978;233.19025306317081;235.345925002955;468.0;3325.0;;600.0
50.0;ellipse;0.523747;0.243102;84.74236001092022;86.72616563251557;172.0;1588.0;;600.0
50.0;ellipse;0.676446;0.188225;6.9596717046645935;6.846657886145481;14.0;163.0;;600.0
50.0;ellipse;0.873663;0.145736;0.0;0.0;0.0;0.0;;600.0
50.0;ellipse;1.128379;0.112838;0.0;0.0;0.0;0.0;;600.0
50.0;ellipse;0.138198;1.381977;0.0;0.0;0.0;0.0;;600.0
50.0;ellipse;0.178489;1.070014;4.686392265125161;4.591531071239384;9.0;115.0;;600.0
50.0;ellipse;0.230528;0.828473;73.80291836598076;72.08159302507046;146.0;1343.0;;600.0
50.0;ellipse;0.297738;0.641457;254.01509195590342;252.08576632315885;505.0;3499.0;;600.0
50.0;ellipse;0.384543;0.496657;297.92552164076244;299.4688453563304;597.0;2934.0;;600.0
50.0;ellipse;0.496657;0.384543;300.4573828320448;299.15872463615364;599.0;2930.0;;600.0
50.0;ellipse;0.641457;0.297738;242.5788337429417;245.23598450968615;488.0;3340.0;;600.0
50.0;ellipse;0.828473;0.230528;77.54487889167315;77.94567948636247;155.0;1378.0;;600.0
50.0;ellipse;1.070014;0.178489;2.9093804885142713;3.1537868773828515;6.0;73.0;;600.0
50.0;ellipse;1.381977;0.138198;0.0;0.0;0.0;0.0;;600.0
50.0;ellipse;0.159577;1.595769;0.0;0.0;0.0;0.0;;600.0
50.0;ellipse;0.206102;1.235546;27.39965046122776;27.531709317393354;55.0;558.0;;600.0
50.0;ellipse;0.26619;0.956638;177.01363387915006;174.79861694738767;350.0;2779.0;;600.0
50.0;ellipse;0.343798;0.74069;294.72714451079395;294.6805341956823;587.0;3085.0;;600.0
50.0;ellipse;0.444032;0.57349;297.7739290875924;299.85307746486;600.0;2441.0;;600.0
50.0;ellipse;0.57349;0.444032;301.0076624159958;299.9004536342576;600.0;2441.0;;600.0
50.0;ellipse;0.74069;0.343798;295.40105297854615;295.4306957041466;591.0;3102.0;;600.0
50.0;ellipse;0.956638;0.26619;185.14120952368285;183.94146444220024;369.0;2935.0;;600.0
50.0;ellipse;1.235546;0.206102;21.58452997658276;21.984705472462647;43.0;421.0;;600.0
50.0;ellipse;1.595769;0.159577;0.49597193113855526;0.4716542674904208;1.0;12.0;;600.0
50.0;ellipse;0.178412;1.784124;2.4814884608552394;2.6089589259168746;5.0;59.0;;600.0
50.0;ellipse;0.230428;1.381383;75.02356809878218;74.96693392163522;151.0;1376.0;;600.0
50.0;ellipse;0.29761;1.069554;255.1646996673158;256.7160775236562;514.0;3297.0;;600.0
50.0;ellipse;0.384378;0.828117;300.26291516422486;299.23807743886124;599.0;2673.0;;600.0
50.0;ellipse;0.496443;0.641181;299.24631897820564;301.08100986645286;600.0;2390.0;;600.0
50.0;ellipse;0.641181;0.496443;299.45173492631164;300.98449755599984;600.0;2393.0;;600.0
50.0;ellipse;0.828117;0.384378;299.7684683106116;300.9322152293782;600.0;2632.0;;600.0
50.0;ellipse;1.069554;0.29761;256.59528128011937;255.99328866762627;512.0;3294.0;;600.0
50.0;ellipse;1.381383;0.230428;70.01713644134468;70.91301255076478;141.0;1274.0;;600.0
50.0;ellipse;1.784124;0.178412;3.378242564998288;3.687634255037398;7.0;88.0;;600.0
